{"stats":{"minecraft:broken":{"minecraft:iron_boots":1,"minecraft:iron_leggings":1,"minecraft:stone_pickaxe":1,"minecraft:iron_helmet":1,"minecraft:golden_chestplate":1},"minecraft:mined":{"botania:magenta_mushroom":1,"minecraft:tuff":3,"minecells:putrid_fence":4,"minecraft:deepslate_diamond_ore":1,"minecraft:dark_oak_log":1,"regions_unexplored:dusktrap":1,"minecraft:jack_o_lantern":1,"minecraft:granite":13,"minecraft:grass_block":27,"twigs:twig":1,"minecraft:coal_block":5,"minecells:putrid_board_block":2,"techreborn:bauxite_ore":2,"minecraft:hay_block":1,"minecraft:furnace":1,"minecraft:iron_ore":5,"techreborn:lead_ore":2,"minecraft:fire":20,"minecraft:andesite":10,"treechop:chopped_log":4,"indrev:deepslate_nikolite_ore":5,"soulsweapons:moonstone_ore_deepslate":3,"minecraft:deepslate_iron_ore":14,"minecells:wilted_wall_leaves":2,"minecraft:stripped_acacia_log":1,"minecells:king_statue":1,"minecraft:stone":158,"ad_astra:sky_stone":11,"techreborn:deepslate_galena_ore":1,"minecells:prison_bricks":2,"techreborn:deepslate_silver_ore":2,"modern_industrialization:deepslate_tungsten_ore":1,"minecells:corpse":1,"minecraft:basalt":6,"minecraft:crafting_table":3,"minecraft:chest":2,"minecraft:copper_ore":1,"minecraft:tall_grass":2,"minecraft:cobblestone":8,"minecells:alchemy_equipment_0":1,"minecraft:deepslate_gold_ore":10,"minecraft:lapis_ore":4,"minecraft:oak_planks":1,"minecraft:sugar_cane":3,"minecraft:diorite":91,"minecraft:wall_torch":3,"powah:deepslate_uraninite_ore_poor":8,"modern_industrialization:deepslate_uranium_ore":1,"supplementaries:urn":4,"minecells:bloomrock":5,"minecraft:birch_planks":7,"minecraft:lime_bed":1,"jewelry:deepslate_gem_vein":5,"techreborn:ruby_ore":3,"snifferplus:ivy_head":1,"minecraft:grass":8,"minecraft:coal_ore":28,"minecraft:dirt":7,"minecells:hanged_skeleton":1,"twigs:rhyolite":7,"minecraft:acacia_planks":1,"promenade:asphalt":8,"minecraft:stone_bricks":2,"minecraft:oak_leaves":4,"minecraft:deepslate":15,"minecraft:fern":2,"soulsweapons:verglas_ore":1},"minecraft:custom":{"lootr:looted_stat":49,"minecraft:interact_with_anvil":3,"minecraft:mob_kills":82,"minecraft:interact_with_crafting_table":31,"minecraft:damage_dealt_resisted":0,"minecraft:eat_cake_slice":1,"minecraft:leave_game":5,"minecraft:time_since_death":107266,"minecraft:damage_resisted":0,"minecraft:climb_one_cm":1987,"minecraft:sprint_one_cm":435053,"minecraft:walk_one_cm":317849,"minecraft:damage_blocked_by_shield":2761,"minecraft:drop":46,"minecraft:talked_to_villager":1,"minecraft:play_time":163601,"minecraft:sneak_time":6365,"minecraft:deaths":3,"minecraft:walk_under_water_one_cm":5800,"minecraft:boat_one_cm":13257,"minecraft:jump":2066,"minecraft:walk_on_water_one_cm":8705,"minecraft:total_world_time":163601,"minecraft:interact_with_furnace":22,"minecraft:interact_with_stonecutter":1,"minecraft:sleep_in_bed":3,"minecraft:hex":0,"minecraft:time_since_rest":38718,"minecraft:damage_taken":7059,"minecraft:damage_dealt":14382,"minecraft:swim_one_cm":60832,"minecraft:fly_one_cm":438357,"minecraft:open_chest":168,"minecraft:crouch_one_cm":15784,"minecraft:threat":1,"minecraft:fall_one_cm":43606},"minecraft:picked_up":{"techreborn:deepslate_galena_ore":1,"minecraft:crafting_table":3,"twigs:petrified_lichen":1,"minecraft:chicken":4,"minecraft:brown_mushroom":1,"soulsweapons:moonstone":3,"minecells:king_statue":1,"minecraft:enchanted_book":2,"ad_astra:sky_stone":11,"minecraft:shield":3,"minecraft:string":33,"minecraft:raw_copper":3,"simplyswords:diamond_scythe":1,"techreborn:raw_silver":1,"simplyswords:runic_tablet":7,"minecraft:cobbled_deepslate":19,"modern_industrialization:raw_uranium":1,"minecraft:beef":7,"minecraft:oak_boat":1,"minecraft:coal_block":5,"minecraft:sugar_cane":9,"minecraft:chest":2,"minecraft:birch_sapling":2,"minecells:transposition_core":1,"minecraft:furnace":1,"minecraft:egg":1,"minecraft:golden_helmet":1,"minecraft:dark_oak_sapling":1,"minecells:guts":17,"minecraft:stick":3,"minecraft:raw_iron":19,"jewelry:jade":2,"promenade:asphalt":8,"croptopia:blackbean":1,"minecraft:torch":11,"minecraft:bowl":7,"croptopia:blackbean_seed":2,"minecells:monsters_eye":4,"simplyswords:arcanethyst":1,"techreborn:ruby_gem":5,"powah:book":1,"minecraft:porkchop":14,"simplyswords:dormant_relic":1,"simplyswords:iron_halberd":1,"minecraft:diorite":91,"minecells:putrid_fence":3,"indrev:guide_book":1,"regions_unexplored:dusktrap":1,"minecraft:arrow":8,"create:clipboard":2,"minecraft:rotten_flesh":53,"jewelry:ruby":1,"minecraft:hay_block":1,"minecells:putrid_board_block":1,"supplementaries:ash":6,"minecraft:skeleton_skull":1,"minecraft:cobblestone":166,"minecraft:stripped_oak_log":2,"minecraft:lime_bed":1,"minecraft:feather":4,"minecraft:basalt":6,"minecraft:andesite":10,"minecraft:leather":5,"minecraft:red_mushroom":11,"minecraft:birch_planks":7,"minecraft:tuff":2,"create:raw_zinc":1,"minecraft:oak_log":8,"minecraft:gunpowder":2,"botania:magenta_mushroom":1,"minecraft:lapis_lazuli":26,"minecraft:dirt":36,"minecraft:paper":1,"minecells:health_flask":2,"jewelry:tanzanite":1,"minecraft:bone":12,"travelersbackpack:backpack_tank":2,"minecraft:acacia_planks":1,"minecraft:apple":1,"minecraft:wheat_seeds":2,"minecraft:raw_gold":10,"minecraft:stone_pickaxe":1,"fishofthieves:earthworms":4,"twigs:twig":9,"spellbladenext:frost_claymore":1,"minecraft:oak_planks":1,"jewelry:topaz":1,"modern_industrialization:raw_tungsten":1,"minecraft:cooked_porkchop":1,"patchouli:guide_book":1,"minecells:monster_cell":20,"techreborn:raw_lead":4,"minecells:infected_flesh":29,"powah:uraninite_raw":8,"minecells:metal_shards":4,"minecraft:dark_oak_log":10,"techreborn:bauxite_ore":2,"minecells:electric_whip":1,"minecraft:stripped_acacia_log":1,"minecraft:diamond":1,"minecells:explosive_bulb":2,"minecraft:stone_axe":1,"minecraft:granite":12,"minecells:bloomrock":5,"soulsweapons:verglas":1,"minecraft:emerald":5,"bewitchment:ectoplasm":1,"twigs:rhyolite":5,"indrev:nikolite_dust":19,"minecraft:jack_o_lantern":1,"minecraft:oak_sapling":11,"minecraft:coal":47},"minecraft:used":{"minecells:king_statue":1,"minecraft:stone_sword":42,"simplyswords:iron_claymore":28,"minecraft:chest":6,"minecraft:shield":46,"minecraft:torch":48,"minecraft:dirt":19,"twigs:rhyolite":2,"minecells:monsters_eye":4,"minecraft:dark_oak_planks":1,"farmersdelight:fried_rice":18,"simplyswords:diamond_scythe":1,"simplyswords:arcanethyst":1,"minecraft:furnace":1,"simplyswords:dormant_relic":274,"minecraft:cooked_beef":7,"minecraft:cobbled_deepslate":1,"minecraft:iron_leggings":1,"minecraft:diorite":2,"minecraft:stone_pickaxe":187,"minecraft:wooden_pickaxe":10,"minecraft:stonecutter":1,"paladins:holy_wand":4,"minecraft:lime_bed":1,"minecraft:crafting_table":4,"simplyswords:iron_halberd":65,"minecraft:white_bed":1,"minecraft:apple":1,"minecraft:bread":9,"minecraft:iron_pickaxe":268,"ad_astra:sky_stone":8,"minecraft:stone_axe":52,"minecraft:cobblestone":70,"minecraft:cooked_porkchop":8,"minecraft:oak_boat":1,"simplyswords:iron_glaive":10},"minecraft:crafted":{"minecraft:oak_planks":32,"minecraft:coal":45,"comforts:sleeping_bag_white":1,"minecraft:cooked_chicken":4,"minecraft:furnace":1,"minecraft:stone":29,"minecraft:iron_boots":2,"minecraft:stone_pickaxe":3,"minecraft:chest":5,"minecraft:dark_oak_planks":44,"minecraft:cooked_beef":7,"techreborn:steel_ingot":27,"minecraft:cooked_porkchop":7,"minecraft:crafting_table":1,"minecraft:iron_helmet":3,"minecraft:wooden_pickaxe":1,"travelersbackpack:standard":1,"minecraft:stone_axe":1,"minecraft:air":0,"minecraft:oak_boat":1,"minecraft:white_wool":14,"minecraft:iron_chestplate":2,"minecraft:stick":32,"minecraft:iron_ingot":8,"minecraft:iron_pickaxe":3,"minecraft:iron_leggings":2,"minecraft:stonecutter":1,"minecraft:white_bed":1,"minecraft:torch":48},"minecraft:killed":{"minecells:mutated_bat":8,"minecells:undead_archer":3,"bewitchment:ghost":1,"minecraft:skeleton":4,"minecraft:chicken":3,"minecells:leaping_zombie":28,"minecells:protector":3,"minecells:grenadier":4,"minecraft:pig":7,"minecells:runner":5,"tinyskeletons:baby_skeleton":2,"minecraft:zombie":3,"minecells:shieldbearer":6,"minecraft:cow":4},"minecraft:killed_by":{"minecells:leaping_zombie":1,"creeperoverhaul:jungle_creeper":1,"naturalist:hippo":1},"minecraft:dropped":{"minecraft:enchanted_book":1,"minecraft:iron_ingot":5,"minecraft:wheat_seeds":1,"minecells:electric_whip":1,"minecraft:granite":12,"minecraft:coal":1,"minecraft:stick":4,"regions_unexplored:dusktrap":1,"minecraft:jack_o_lantern":1,"minecraft:chain":31,"minecraft:string":32,"minecraft:dark_oak_planks":11,"minecraft:acacia_planks":1,"minecraft:bone":4,"twigs:rhyolite":3,"simplyswords:runic_tablet":3,"twigs:petrified_lichen":1,"minecraft:cooked_chicken":4,"minecraft:bowl":7,"minecraft:tuff":2,"minecraft:birch_sapling":2,"simplyswords:dormant_relic":1,"simplyswords:arcanethyst":1,"minecraft:rotten_flesh":25,"promenade:asphalt":8,"minecraft:hay_block":1,"minecraft:shield":1,"minecraft:andesite":10,"minecraft:oak_sapling":11,"minecraft:stripped_acacia_log":1,"minecraft:arrow":5,"minecraft:stone_pickaxe":1,"minecraft:wooden_pickaxe":1,"simplyswords:iron_claymore":1}},"DataVersion":3465}