{"stats":{"minecraft:broken":{"minecraft:iron_boots":1,"minecraft:iron_leggings":1,"minecraft:stone_pickaxe":1,"minecraft:iron_helmet":1,"minecraft:golden_chestplate":1},"minecraft:mined":{"botania:magenta_mushroom":1,"minecraft:tuff":3,"minecells:putrid_fence":4,"minecraft:deepslate_diamond_ore":1,"minecraft:dark_oak_log":1,"regions_unexplored:dusktrap":1,"minecraft:jack_o_lantern":1,"minecraft:granite":13,"minecraft:grass_block":27,"twigs:twig":1,"minecraft:coal_block":5,"minecells:putrid_board_block":2,"techreborn:bauxite_ore":2,"minecraft:red_mushroom":9,"minecraft:spawner":1,"minecraft:hay_block":1,"botania:purple_mushroom":1,"minecraft:furnace":1,"minecraft:iron_ore":9,"techreborn:lead_ore":2,"minecraft:fire":20,"minecraft:andesite":11,"treechop:chopped_log":4,"minecraft:deepslate_lapis_ore":4,"indrev:deepslate_nikolite_ore":7,"soulsweapons:moonstone_ore_deepslate":3,"minecraft:deepslate_iron_ore":39,"minecells:wilted_wall_leaves":2,"minecraft:stripped_acacia_log":1,"minecells:king_statue":1,"minecraft:stone":158,"ad_astra:sky_stone":11,"techreborn:deepslate_galena_ore":1,"minecells:prison_bricks":2,"minecraft:brown_mushroom":13,"techreborn:deepslate_bauxite_ore":1,"techreborn:deepslate_silver_ore":2,"modern_industrialization:deepslate_tungsten_ore":1,"minecells:corpse":1,"minecraft:basalt":6,"minecraft:crafting_table":3,"minecraft:chest":2,"indrev:sulfur_crystal":2,"minecraft:copper_ore":1,"minecraft:tall_grass":2,"minecraft:cobblestone":8,"minecells:alchemy_equipment_0":1,"minecraft:deepslate_gold_ore":24,"minecraft:lapis_ore":4,"minecraft:oak_planks":1,"minecraft:sugar_cane":3,"minecraft:diorite":91,"minecraft:wall_torch":3,"powah:deepslate_uraninite_ore_poor":8,"modern_industrialization:deepslate_uranium_ore":1,"supplementaries:urn":8,"minecells:bloomrock":5,"minecraft:birch_planks":7,"minecraft:lime_bed":1,"jewelry:deepslate_gem_vein":5,"techreborn:ruby_ore":3,"minecraft:torchflower":1,"snifferplus:ivy_head":1,"minecraft:grass":12,"minecraft:coal_ore":46,"minecraft:dirt":7,"minecraft:cobweb":2,"minecells:hanged_skeleton":1,"twigs:rhyolite":7,"minecraft:acacia_planks":1,"promenade:asphalt":8,"minecraft:stone_bricks":2,"minecraft:oak_leaves":4,"minecraft:deepslate":22,"minecraft:fern":2,"soulsweapons:verglas_ore":1},"minecraft:custom":{"lootr:looted_stat":53,"minecraft:interact_with_anvil":3,"minecraft:mob_kills":102,"minecraft:interact_with_crafting_table":33,"minecraft:eat_cake_slice":1,"minecraft:damage_dealt_resisted":0,"minecraft:leave_game":6,"minecraft:time_since_death":138844,"minecraft:damage_resisted":0,"minecraft:climb_one_cm":2023,"minecraft:sprint_one_cm":513171,"minecraft:walk_one_cm":373126,"minecraft:damage_blocked_by_shield":2841,"minecraft:drop":57,"minecraft:talked_to_villager":2,"minecraft:play_time":195179,"minecraft:sneak_time":8789,"minecraft:deaths":3,"minecraft:walk_under_water_one_cm":7117,"minecraft:boat_one_cm":13257,"minecraft:jump":2598,"minecraft:walk_on_water_one_cm":12181,"minecraft:total_world_time":195179,"minecraft:interact_with_furnace":28,"minecraft:interact_with_grindstone":1,"minecraft:interact_with_stonecutter":3,"minecraft:sleep_in_bed":3,"minecraft:hex":0,"minecraft:time_since_rest":70296,"minecraft:damage_taken":7334,"minecraft:damage_dealt":18136,"minecraft:swim_one_cm":71030,"minecraft:fly_one_cm":517744,"minecraft:open_chest":191,"minecraft:crouch_one_cm":21911,"minecraft:threat":1,"minecraft:fall_one_cm":53503},"minecraft:picked_up":{"techreborn:deepslate_galena_ore":1,"minecraft:crafting_table":3,"twigs:petrified_lichen":1,"minecraft:chicken":4,"minecraft:brown_mushroom":20,"soulsweapons:moonstone":3,"minecells:king_statue":1,"minecraft:enchanted_book":2,"ad_astra:sky_stone":11,"minecraft:shield":3,"minecraft:string":35,"minecraft:raw_copper":3,"simplyswords:diamond_scythe":1,"techreborn:raw_silver":1,"simplyswords:runic_tablet":7,"minecraft:cobbled_deepslate":19,"modern_industrialization:raw_uranium":1,"minecraft:beef":7,"minecraft:oak_boat":1,"minecraft:coal_block":5,"minecraft:sugar_cane":9,"minecraft:chest":2,"minecraft:birch_sapling":2,"minecells:transposition_core":1,"minecraft:furnace":1,"minecraft:egg":1,"minecraft:raw_iron":48,"minecraft:golden_helmet":1,"minecraft:dark_oak_sapling":1,"minecells:guts":17,"minecraft:stick":3,"promenade:asphalt":8,"croptopia:blackbean":1,"minecraft:torch":16,"minecraft:bowl":9,"croptopia:blackbean_seed":2,"jewelry:jade":2,"minecells:monsters_eye":4,"simplyswords:arcanethyst":1,"techreborn:ruby_gem":5,"powah:book":1,"minecraft:porkchop":14,"simplyswords:dormant_relic":1,"simplyswords:iron_halberd":1,"minecraft:diorite":91,"minecells:putrid_fence":3,"minecraft:dark_oak_planks":1,"indrev:guide_book":1,"mutantmonsters:hulk_hammer":1,"regions_unexplored:dusktrap":1,"minecraft:arrow":14,"create:clipboard":2,"minecraft:rotten_flesh":54,"jewelry:ruby":1,"minecraft:hay_block":1,"minecells:putrid_board_block":1,"supplementaries:ash":17,"minecraft:skeleton_skull":2,"minecraft:cobblestone":170,"minecraft:stripped_oak_log":2,"minecraft:lime_bed":1,"minecraft:feather":4,"minecraft:basalt":6,"minecraft:andesite":10,"minecraft:leather":5,"minecraft:red_mushroom":31,"minecraft:birch_planks":7,"minecraft:tuff":2,"create:raw_zinc":1,"minecraft:oak_log":8,"minecraft:gunpowder":2,"botania:magenta_mushroom":1,"minecraft:lapis_lazuli":48,"minecraft:dirt":36,"minecraft:paper":1,"minecells:health_flask":2,"jewelry:tanzanite":1,"travelersbackpack:backpack_tank":2,"minecraft:bone":16,"minecraft:acacia_planks":1,"minecraft:apple":1,"minecraft:wheat_seeds":2,"minecraft:raw_gold":31,"minecraft:stone_pickaxe":1,"fishofthieves:earthworms":4,"techreborn:deepslate_bauxite_ore":1,"twigs:twig":9,"spellbladenext:frost_claymore":1,"minecraft:oak_planks":1,"jewelry:topaz":1,"modern_industrialization:raw_tungsten":1,"minecraft:cooked_porkchop":1,"patchouli:guide_book":1,"minecells:monster_cell":20,"minecells:infected_flesh":29,"techreborn:raw_lead":4,"powah:uraninite_raw":8,"minecells:metal_shards":4,"minecraft:dark_oak_log":29,"indrev:sulfur_crystal":5,"techreborn:bauxite_ore":2,"minecells:electric_whip":1,"minecraft:stripped_acacia_log":1,"minecraft:diamond":1,"minecells:explosive_bulb":2,"minecraft:stone_axe":1,"minecraft:granite":12,"minecells:bloomrock":5,"soulsweapons:verglas":1,"minecraft:emerald":5,"minecraft:jack_o_lantern":1,"bewitchment:ectoplasm":1,"indrev:nikolite_dust":27,"minecraft:oak_sapling":11,"twigs:rhyolite":5,"minecraft:coal":65},"minecraft:used":{"minecells:king_statue":1,"minecraft:stone_sword":42,"simplyswords:iron_claymore":28,"minecraft:chest":6,"minecraft:shield":49,"minecraft:torch":82,"minecraft:dirt":19,"twigs:rhyolite":2,"minecells:monsters_eye":4,"minecraft:dark_oak_planks":1,"farmersdelight:fried_rice":20,"simplyswords:diamond_scythe":1,"simplyswords:arcanethyst":1,"minecraft:furnace":3,"simplyswords:dormant_relic":367,"minecraft:cooked_beef":7,"minecraft:cobbled_deepslate":1,"minecraft:iron_leggings":1,"minecraft:diorite":2,"minecraft:stone_pickaxe":187,"minecraft:wooden_pickaxe":10,"minecraft:stonecutter":1,"paladins:holy_wand":4,"minecraft:lime_bed":1,"minecraft:crafting_table":4,"minecraft:mushroom_stew":2,"simplyswords:iron_halberd":65,"minecraft:white_bed":1,"minecraft:apple":1,"minecraft:bread":9,"minecraft:iron_pickaxe":349,"ad_astra:sky_stone":8,"minecraft:stone_axe":52,"minecraft:cobblestone":140,"minecraft:cooked_porkchop":8,"minecraft:bucket":1,"minecraft:oak_boat":1,"simplyswords:iron_glaive":10},"minecraft:crafted":{"minecraft:oak_planks":32,"minecraft:coal":45,"comforts:sleeping_bag_white":1,"minecraft:cooked_chicken":4,"minecraft:furnace":2,"minecraft:stone":29,"minecraft:mushroom_stew":12,"minecraft:iron_boots":2,"minecraft:stone_pickaxe":3,"minecraft:chest":5,"minecraft:dark_oak_planks":128,"minecraft:cooked_beef":7,"techreborn:steel_ingot":27,"minecraft:cooked_porkchop":7,"minecraft:crafting_table":1,"minecraft:iron_helmet":3,"minecraft:wooden_pickaxe":1,"travelersbackpack:standard":1,"minecraft:bowl":12,"minecraft:stone_axe":1,"minecraft:air":0,"minecraft:oak_boat":1,"minecraft:white_wool":14,"minecraft:iron_chestplate":2,"minecraft:stick":48,"minecraft:iron_ingot":8,"minecraft:iron_pickaxe":3,"minecraft:iron_leggings":2,"minecraft:stonecutter":1,"minecraft:white_bed":1,"minecraft:torch":104},"minecraft:killed":{"minecells:mutated_bat":8,"minecraft:spider":1,"minecells:undead_archer":3,"bewitchment:ghost":1,"minecraft:skeleton":9,"minecraft:chicken":3,"minecells:leaping_zombie":28,"minecells:protector":3,"minecells:grenadier":4,"minecraft:pig":7,"graveyard:ghoul":1,"minecells:runner":5,"minecraft:zombie_villager":1,"minecraft:bat":1,"tinyskeletons:baby_skeleton":2,"minecraft:zombie":13,"minecells:shieldbearer":6,"minecraft:cow":4},"minecraft:killed_by":{"minecells:leaping_zombie":1,"creeperoverhaul:jungle_creeper":1,"naturalist:hippo":1},"minecraft:dropped":{"minecraft:enchanted_book":1,"minecraft:iron_ingot":5,"minecraft:wheat_seeds":1,"minecraft:cobblestone":4,"minecells:electric_whip":1,"minecraft:granite":12,"minecraft:coal":1,"minecraft:stick":4,"minecraft:golden_carrot":2,"regions_unexplored:dusktrap":1,"minecraft:jack_o_lantern":1,"minecraft:chain":31,"minecraft:string":32,"minecraft:dark_oak_planks":12,"minecraft:acacia_planks":1,"minecraft:bone":6,"twigs:rhyolite":3,"simplyswords:runic_tablet":3,"twigs:petrified_lichen":1,"minecraft:cooked_chicken":4,"minecraft:bowl":10,"minecraft:tuff":2,"minecraft:birch_sapling":2,"simplyswords:dormant_relic":1,"simplyswords:arcanethyst":1,"minecraft:rotten_flesh":25,"promenade:asphalt":8,"beachparty:rubber_ring_axolotl":2,"minecraft:hay_block":1,"minecraft:shield":1,"minecraft:andesite":10,"minecraft:oak_sapling":11,"minecraft:stripped_acacia_log":1,"minecraft:arrow":9,"minecraft:stone_pickaxe":2,"minecraft:wooden_pickaxe":1,"simplyswords:iron_claymore":1}},"DataVersion":3465}