{"stats":{"minecraft:mined":{"treechop:chopped_log":2,"minecraft:crafting_table":2,"minecraft:grass":1,"minecraft:grass_block":8,"minecraft:dirt":2,"minecraft:stone":7,"minecraft:sugar_cane":3,"minecraft:oak_leaves":3},"minecraft:custom":{"minecraft:time_since_rest":12381,"minecraft:sprint_one_cm":47025,"minecraft:damage_taken":167,"minecraft:walk_one_cm":18360,"minecraft:damage_blocked_by_shield":100,"minecraft:mob_kills":10,"minecraft:damage_dealt":845,"minecraft:swim_one_cm":7289,"minecraft:interact_with_crafting_table":5,"minecraft:fly_one_cm":46013,"minecraft:crouch_one_cm":1099,"minecraft:play_time":12381,"minecraft:sneak_time":465,"minecraft:walk_under_water_one_cm":738,"minecraft:jump":243,"minecraft:leave_game":3,"minecraft:walk_on_water_one_cm":595,"minecraft:time_since_death":12381,"minecraft:total_world_time":12381,"minecraft:hex":0,"minecraft:fall_one_cm":4778},"minecraft:picked_up":{"minecraft:stripped_oak_log":1,"minecraft:stick":3,"minecraft:crafting_table":2,"minecraft:feather":3,"minecraft:chicken":3,"minecraft:porkchop":14,"minecraft:oak_log":8,"minecraft:dirt":10,"minecraft:apple":1,"fishofthieves:earthworms":3,"minecraft:oak_sapling":11,"twigs:twig":8,"minecraft:sugar_cane":9,"minecraft:birch_sapling":2,"minecraft:cobblestone":7,"minecraft:egg":1},"minecraft:used":{"minecraft:apple":1,"minecraft:stone_sword":28,"minecraft:bread":2,"minecraft:shield":2,"minecraft:wooden_pickaxe":10,"minecraft:stone_axe":5,"minecraft:dirt":5,"minecraft:crafting_table":1},"minecraft:crafted":{"minecraft:oak_planks":16,"minecraft:stick":8,"minecraft:wooden_pickaxe":1,"minecraft:stone_pickaxe":1,"minecraft:stone_axe":1},"minecraft:killed":{"minecraft:pig":7,"minecraft:chicken":3}},"DataVersion":3465}