{"stats":{"minecraft:broken":{"minecraft:iron_leggings":1,"minecraft:iron_helmet":1,"minecraft:golden_chestplate":1},"minecraft:mined":{"minecells:putrid_fence":4,"minecraft:dark_oak_log":1,"minecraft:jack_o_lantern":1,"minecraft:grass_block":8,"minecraft:coal_block":5,"minecraft:hay_block":1,"minecraft:fire":11,"treechop:chopped_log":4,"minecells:wilted_wall_leaves":1,"minecraft:stripped_acacia_log":1,"minecraft:stone":7,"ad_astra:sky_stone":11,"minecraft:basalt":6,"minecells:corpse":1,"minecraft:crafting_table":3,"minecraft:chest":2,"minecraft:cobblestone":5,"minecells:alchemy_equipment_0":1,"minecraft:sugar_cane":3,"minecraft:oak_planks":1,"minecells:bloomrock":1,"minecraft:birch_planks":7,"minecraft:lime_bed":1,"minecraft:grass":3,"minecraft:coal_ore":1,"minecraft:dirt":2,"minecells:hanged_skeleton":1,"minecraft:acacia_planks":1,"minecraft:stone_bricks":2,"minecraft:oak_leaves":4,"minecraft:fern":1},"minecraft:custom":{"lootr:looted_stat":47,"minecraft:mob_kills":67,"minecraft:interact_with_crafting_table":17,"minecraft:damage_dealt_resisted":0,"minecraft:eat_cake_slice":1,"minecraft:leave_game":3,"minecraft:time_since_death":28046,"minecraft:climb_one_cm":1987,"minecraft:damage_resisted":0,"minecraft:sprint_one_cm":352572,"minecraft:walk_one_cm":215332,"minecraft:damage_blocked_by_shield":2333,"minecraft:drop":26,"minecraft:talked_to_villager":1,"minecraft:play_time":84381,"minecraft:deaths":3,"minecraft:walk_under_water_one_cm":2236,"minecraft:sneak_time":3133,"minecraft:boat_one_cm":13257,"minecraft:jump":1374,"minecraft:walk_on_water_one_cm":7902,"minecraft:total_world_time":84381,"minecraft:interact_with_furnace":9,"minecraft:sleep_in_bed":1,"minecraft:hex":0,"minecraft:time_since_rest":28076,"minecraft:damage_taken":4084,"minecraft:damage_dealt":10954,"minecraft:swim_one_cm":46559,"minecraft:fly_one_cm":322623,"minecraft:open_chest":36,"minecraft:crouch_one_cm":8158,"minecraft:fall_one_cm":28441},"minecraft:picked_up":{"minecraft:crafting_table":3,"minecraft:chicken":4,"minecraft:brown_mushroom":1,"minecraft:enchanted_book":1,"ad_astra:sky_stone":11,"minecraft:shield":1,"minecraft:string":33,"simplyswords:runic_tablet":6,"minecraft:beef":7,"minecraft:oak_boat":1,"minecraft:chest":2,"minecraft:coal_block":5,"minecraft:sugar_cane":9,"minecraft:birch_sapling":2,"minecraft:egg":1,"minecraft:dark_oak_sapling":1,"minecells:guts":15,"minecraft:stick":3,"minecraft:bowl":5,"minecells:monsters_eye":4,"minecraft:porkchop":14,"powah:book":1,"simplyswords:iron_halberd":1,"minecells:putrid_fence":3,"indrev:guide_book":1,"minecraft:arrow":4,"minecraft:rotten_flesh":43,"create:clipboard":2,"minecraft:hay_block":1,"minecraft:skeleton_skull":1,"minecraft:cobblestone":8,"minecraft:stripped_oak_log":1,"minecraft:lime_bed":1,"minecraft:feather":4,"minecraft:basalt":6,"minecraft:leather":5,"minecraft:birch_planks":7,"minecraft:oak_log":8,"minecraft:gunpowder":2,"minecraft:dirt":12,"minecraft:paper":1,"minecraft:bone":7,"travelersbackpack:backpack_tank":2,"minecraft:acacia_planks":1,"minecraft:apple":1,"fishofthieves:earthworms":3,"twigs:twig":8,"minecraft:oak_planks":1,"patchouli:guide_book":1,"minecells:monster_cell":17,"minecells:infected_flesh":26,"minecells:metal_shards":3,"minecraft:dark_oak_log":10,"minecells:electric_whip":1,"minecraft:stripped_acacia_log":1,"minecells:explosive_bulb":2,"minecraft:stone_axe":1,"minecells:bloomrock":1,"minecraft:jack_o_lantern":1,"minecraft:oak_sapling":11,"minecraft:coal":1},"minecraft:used":{"simplyswords:iron_claymore":28,"minecraft:stone_sword":42,"minecraft:chest":4,"minecraft:shield":34,"minecraft:dirt":11,"minecells:monsters_eye":1,"minecraft:dark_oak_planks":1,"farmersdelight:fried_rice":10,"minecraft:cooked_beef":7,"simplyswords:dormant_relic":199,"minecraft:iron_leggings":1,"minecraft:stone_pickaxe":33,"minecraft:wooden_pickaxe":10,"paladins:holy_wand":4,"minecraft:crafting_table":4,"minecraft:lime_bed":1,"simplyswords:iron_halberd":60,"minecraft:white_bed":1,"minecraft:apple":1,"minecraft:bread":9,"ad_astra:sky_stone":8,"minecraft:stone_axe":50,"simplyswords:iron_glaive":10,"minecraft:oak_boat":1},"minecraft:crafted":{"minecraft:oak_planks":32,"minecraft:coal":45,"minecraft:iron_boots":1,"minecraft:stone_pickaxe":1,"minecraft:chest":2,"minecraft:dark_oak_planks":40,"minecraft:cooked_beef":7,"techreborn:steel_ingot":27,"minecraft:cooked_porkchop":7,"minecraft:crafting_table":1,"minecraft:wooden_pickaxe":1,"minecraft:iron_helmet":2,"minecraft:stone_axe":1,"minecraft:air":0,"minecraft:oak_boat":1,"minecraft:white_wool":3,"minecraft:iron_chestplate":1,"minecraft:stick":12,"minecraft:iron_leggings":2,"minecraft:white_bed":1},"minecraft:killed":{"minecells:mutated_bat":8,"minecells:undead_archer":3,"minecraft:skeleton":2,"minecraft:chicken":3,"minecells:leaping_zombie":25,"minecells:protector":3,"minecells:grenadier":4,"minecraft:pig":7,"minecells:runner":2,"minecells:shieldbearer":6,"minecraft:cow":4},"minecraft:killed_by":{"minecells:leaping_zombie":1,"creeperoverhaul:jungle_creeper":1,"naturalist:hippo":1},"minecraft:dropped":{"minecraft:enchanted_book":1,"minecraft:iron_ingot":5,"minecells:electric_whip":1,"minecraft:coal":1,"minecraft:stick":4,"minecraft:jack_o_lantern":1,"minecraft:string":32,"minecraft:acacia_planks":1,"simplyswords:runic_tablet":3,"minecraft:bowl":3,"minecraft:birch_sapling":2,"minecraft:rotten_flesh":22,"minecraft:hay_block":1,"minecraft:shield":1,"minecraft:oak_sapling":11,"minecraft:stripped_acacia_log":1,"minecraft:arrow":2,"minecraft:wooden_pickaxe":1}},"DataVersion":3465}