{"stats":{"minecraft:mined":{"minecraft:dark_oak_log":1,"minecraft:basalt":6,"minecraft:jack_o_lantern":1,"minecraft:crafting_table":3,"minecraft:grass_block":8,"minecraft:chest":1,"minecraft:coal_block":5,"minecraft:cobblestone":2,"minecraft:sugar_cane":3,"minecraft:hay_block":1,"minecraft:lime_bed":1,"minecraft:fire":8,"treechop:chopped_log":4,"minecraft:grass":3,"minecraft:coal_ore":1,"minecells:wilted_wall_leaves":1,"minecraft:dirt":2,"minecraft:stripped_acacia_log":1,"minecraft:acacia_planks":1,"minecraft:stone":7,"minecraft:stone_bricks":2,"ad_astra:sky_stone":11,"minecraft:oak_leaves":4},"minecraft:custom":{"minecraft:interact_with_furnace":7,"lootr:looted_stat":3,"minecraft:mob_kills":16,"minecraft:interact_with_crafting_table":7,"minecraft:eat_cake_slice":1,"minecraft:leave_game":3,"minecraft:time_since_death":15354,"minecraft:climb_one_cm":1511,"minecraft:hex":0,"minecraft:time_since_rest":15379,"minecraft:sprint_one_cm":153237,"minecraft:damage_taken":895,"minecraft:walk_one_cm":50200,"minecraft:damage_blocked_by_shield":423,"minecraft:drop":15,"minecraft:damage_dealt":1720,"minecraft:talked_to_villager":1,"minecraft:swim_one_cm":46559,"minecraft:fly_one_cm":197294,"minecraft:open_chest":9,"minecraft:crouch_one_cm":4384,"minecraft:play_time":36381,"minecraft:deaths":2,"minecraft:sneak_time":1818,"minecraft:walk_under_water_one_cm":2236,"minecraft:boat_one_cm":13257,"minecraft:jump":852,"minecraft:walk_on_water_one_cm":7902,"minecraft:total_world_time":36381,"minecraft:fall_one_cm":22163},"minecraft:picked_up":{"minecraft:stripped_oak_log":1,"minecraft:lime_bed":1,"minecraft:crafting_table":3,"minecraft:feather":3,"minecraft:basalt":6,"minecraft:chicken":4,"minecraft:leather":5,"minecraft:brown_mushroom":1,"minecraft:oak_log":8,"ad_astra:sky_stone":11,"minecraft:dirt":10,"minecraft:bone":2,"minecraft:acacia_planks":1,"minecraft:apple":1,"minecraft:beef":7,"minecraft:oak_boat":1,"fishofthieves:earthworms":3,"minecraft:sugar_cane":9,"twigs:twig":8,"minecraft:coal_block":5,"minecraft:chest":1,"minecraft:birch_sapling":2,"minecraft:egg":1,"minecraft:dark_oak_sapling":1,"minecraft:stick":3,"patchouli:guide_book":1,"minecraft:porkchop":14,"minecraft:dark_oak_log":10,"minecraft:stripped_acacia_log":1,"minecraft:arrow":2,"minecraft:rotten_flesh":10,"minecraft:hay_block":1,"minecraft:jack_o_lantern":1,"minecraft:oak_sapling":11,"minecraft:coal":1,"minecraft:cobblestone":8},"minecraft:used":{"minecraft:stone_sword":38,"minecraft:stone_pickaxe":27,"minecraft:chest":3,"minecraft:wooden_pickaxe":10,"minecraft:shield":9,"minecraft:dirt":10,"paladins:holy_wand":2,"minecraft:lime_bed":1,"minecraft:crafting_table":3,"minecraft:apple":1,"minecraft:bread":9,"ad_astra:sky_stone":8,"minecraft:stone_axe":23,"minecraft:oak_boat":1},"minecraft:crafted":{"minecraft:cooked_beef":3,"minecraft:oak_planks":32,"minecraft:coal":45,"minecraft:cooked_porkchop":3,"minecraft:wooden_pickaxe":1,"minecraft:stone_axe":1,"minecraft:air":0,"minecraft:oak_boat":1,"minecraft:stick":8,"minecraft:stone_pickaxe":1,"minecraft:chest":2},"minecraft:killed":{"minecraft:pig":7,"minecraft:skeleton":2,"minecraft:chicken":3,"minecraft:cow":4},"minecraft:killed_by":{"creeperoverhaul:jungle_creeper":1,"naturalist:hippo":1},"minecraft:dropped":{"minecraft:birch_sapling":2,"minecraft:rotten_flesh":5,"minecraft:coal":1,"minecraft:hay_block":1,"minecraft:oak_sapling":11,"minecraft:jack_o_lantern":1,"minecraft:stripped_acacia_log":1,"minecraft:arrow":2,"minecraft:wooden_pickaxe":1,"minecraft:acacia_planks":1}},"DataVersion":3465}