{"stats":{"minecraft:broken":{"beachparty:rubber_ring_axolotl":1,"minecraft:iron_boots":1,"minecraft:iron_leggings":1,"minecraft:stone_pickaxe":1,"minecraft:golden_chestplate":1,"minecraft:iron_pickaxe":2,"minecraft:iron_helmet":3},"minecraft:mined":{"minecraft:dark_oak_planks":4,"winterly:raw_cryomarble_shard":2,"minecells:putrid_fence":4,"minecraft:brewing_stand":1,"minecraft:obsidian":17,"minecraft:granite":14,"minecraft:stone_brick_wall":1,"minecraft:grass_block":28,"twigs:twig":1,"modern_industrialization:lignite_coal_ore":9,"minecraft:coal_block":5,"minecells:putrid_board_block":2,"minecraft:mud_bricks":2,"minecraft:gilded_blackstone":7,"minecraft:spawner":10,"minecraft:iron_ore":43,"minecraft:fire":21,"minecraft:deepslate_lapis_ore":4,"minecraft:anvil":2,"minecells:wilted_wall_leaves":3,"minecells:king_statue":1,"graveyard:small_brown_urn":1,"minecraft:smooth_sandstone_stairs":1,"techreborn:deepslate_galena_ore":3,"minecells:prison_bricks":2,"techreborn:deepslate_bauxite_ore":2,"minecraft:brown_mushroom":13,"modern_industrialization:deepslate_tungsten_ore":1,"minecells:corpse":1,"techreborn:deepslate_tin_ore":1,"minecraft:chest":2,"indrev:sulfur_crystal":2,"minecraft:cobblestone":9,"minecraft:sugar_cane":3,"minecraft:oak_planks":1,"minecraft:wall_torch":4,"powah:deepslate_uraninite_ore_poor":8,"modern_industrialization:deepslate_uranium_ore":1,"minecells:bloomrock":5,"minecraft:light_gray_stained_glass":2,"minecraft:grass":14,"minecraft:sand":1,"minecraft:dirt":7,"minecraft:tripwire_hook":1,"twigs:rhyolite":11,"promenade:asphalt":9,"minecraft:netherrack":1,"minecraft:oak_leaves":5,"minecraft:deepslate":46,"soulsweapons:verglas_ore":1,"techreborn:sapphire_ore":4,"botania:magenta_mushroom":1,"minecraft:tuff":3,"minecraft:mossy_cobblestone":2,"minecraft:deepslate_diamond_ore":9,"regions_unexplored:dusktrap":1,"minecraft:dark_oak_log":1,"minecraft:cyan_stained_glass":2,"minecraft:jack_o_lantern":1,"techreborn:bauxite_ore":2,"minecraft:red_mushroom":10,"minecraft:hay_block":1,"botania:purple_mushroom":1,"minecraft:packed_mud":1,"minecraft:furnace":2,"techreborn:lead_ore":10,"minecraft:andesite":28,"treechop:chopped_log":5,"indrev:deepslate_nikolite_ore":7,"soulsweapons:moonstone_ore_deepslate":6,"minecraft:shroomlight":1,"minecraft:deepslate_iron_ore":47,"minecraft:vine":1,"minecraft:stripped_acacia_log":1,"minecraft:stone":211,"ad_astra:sky_stone":14,"techreborn:deepslate_silver_ore":2,"minecraft:basalt":6,"minecraft:smooth_sandstone":1,"minecraft:crafting_table":3,"minecraft:tall_grass":2,"minecraft:copper_ore":7,"minecells:alchemy_equipment_0":1,"minecraft:lapis_ore":4,"minecraft:deepslate_gold_ore":48,"minecraft:diorite":114,"techreborn:tin_ore":7,"supplementaries:urn":28,"minecraft:birch_planks":7,"minecraft:lime_bed":1,"jewelry:deepslate_gem_vein":6,"minecraft:dark_oak_wall_sign":1,"techreborn:ruby_ore":3,"modern_industrialization:antimony_ore":1,"minecraft:torchflower":1,"snifferplus:ivy_head":1,"minecraft:coal_ore":56,"minecraft:cobweb":43,"minecells:hanged_skeleton":1,"minecraft:acacia_planks":1,"minecraft:stone_bricks":6,"minecraft:gold_ore":3,"minecraft:fern":2},"minecraft:custom":{"lootr:looted_stat":135,"minecraft:interact_with_crafting_table":46,"minecraft:eat_cake_slice":8,"minecraft:leave_game":6,"minecraft:time_since_death":264796,"minecraft:damage_resisted":16,"minecraft:sprint_one_cm":771347,"minecraft:damage_blocked_by_shield":2906,"minecraft:drop":92,"minecraft:talked_to_villager":7,"minecraft:play_time":321131,"minecraft:deaths":3,"minecraft:jump":4180,"minecraft:interact_with_brewingstand":3,"minecraft:walk_on_water_one_cm":29059,"minecraft:enchant_item":1,"minecraft:interact_with_furnace":79,"minecraft:sleep_in_bed":3,"minecraft:damage_dealt":31084,"minecraft:crouch_one_cm":42864,"minecraft:interact_with_smoker":1,"minecraft:inspect_dispenser":1,"minecraft:interact_with_smithing_table":11,"minecraft:mob_kills":170,"minecraft:interact_with_anvil":20,"minecraft:inspect_hopper":1,"minecraft:damage_dealt_resisted":0,"minecraft:climb_one_cm":2415,"minecraft:walk_one_cm":612007,"minecraft:sneak_time":16459,"minecraft:walk_under_water_one_cm":12319,"minecraft:interact_with_lectern":1,"minecraft:boat_one_cm":13257,"minecraft:interact_with_blast_furnace":2,"minecraft:total_world_time":321131,"minecraft:tune_noteblock":1,"minecraft:interact_with_grindstone":1,"minecraft:interact_with_stonecutter":4,"minecraft:hex":0,"minecraft:time_since_rest":196248,"minecraft:damage_taken":8958,"minecraft:damage_absorbed":40,"minecraft:swim_one_cm":141264,"minecraft:fly_one_cm":817600,"minecraft:open_chest":293,"minecraft:threat":1,"minecraft:fall_one_cm":92420},"minecraft:picked_up":{"techreborn:deepslate_galena_ore":1,"techreborn:raw_tin":8,"minecraft:anvil":2,"soulsweapons:moonstone":6,"minecraft:enchanted_book":2,"minecraft:gilded_blackstone":1,"minecraft:brewing_stand":1,"minecraft:string":80,"minecraft:raw_copper":32,"simplyswords:diamond_scythe":1,"bosses_of_mass_destruction:soul_star":1,"minecraft:cobbled_deepslate":41,"travelersbackpack:enderman":1,"modern_industrialization:raw_uranium":1,"minecraft:coal_block":5,"minecells:transposition_core":1,"minecraft:furnace":2,"minecraft:golden_helmet":1,"minecells:guts":17,"minecraft:stick":5,"croptopia:blackbean":1,"minecraft:torch":38,"travelersbackpack:iron_tier_upgrade":1,"simplyswords:arcanethyst":1,"powah:book":1,"minecraft:porkchop":21,"simplyswords:dormant_relic":1,"minecraft:diorite":112,"minecells:putrid_fence":3,"travelersbackpack:iron":1,"indrev:guide_book":1,"mutantmonsters:hulk_hammer":1,"minecraft:rotten_flesh":83,"create:clipboard":2,"graveyard:small_brown_urn":1,"minecells:putrid_board_block":1,"supplementaries:ash":21,"minecraft:obsidian":16,"adventurez:orc_skin":3,"minecraft:cobblestone":224,"minecraft:feather":4,"minecraft:andesite":20,"minecraft:tuff":2,"create:raw_zinc":1,"supplementaries:flax_seeds":1,"botania:magenta_mushroom":1,"minecraft:dirt":37,"minecraft:lapis_lazuli":48,"lootr:trophy":1,"minecraft:bone":42,"travelersbackpack:backpack_tank":2,"minecraft:acacia_planks":1,"minecraft:wheat_seeds":5,"minecraft:raw_gold":66,"fishofthieves:earthworms":4,"minecraft:moss_block":1,"twigs:twig":20,"spellbladenext:frost_claymore":1,"minecraft:oak_planks":1,"minecraft:cooked_porkchop":1,"patchouli:guide_book":1,"techreborn:raw_lead":12,"minecells:metal_shards":4,"winterly:cryomarble_shard":2,"techreborn:sapphire_gem":7,"minecraft:dark_oak_log":77,"minecraft:mossy_cobblestone":2,"indrev:sulfur_crystal":6,"techreborn:bauxite_ore":2,"techreborn:peridot_gem":1,"minecraft:stripped_acacia_log":1,"minecells:explosive_bulb":2,"minecraft:diamond":9,"minecraft:lever":2,"minecraft:granite":12,"minecells:bloomrock":5,"soulsweapons:verglas":1,"minecraft:emerald":8,"bewitchment:ectoplasm":1,"minecraft:oak_sapling":11,"minecraft:jack_o_lantern":1,"indrev:nikolite_dust":27,"twigs:rhyolite":13,"minecraft:crafting_table":3,"modern_industrialization:lignite_coal":9,"twigs:petrified_lichen":1,"minecraft:splash_potion":1,"minecraft:chicken":4,"minecraft:brown_mushroom":27,"minecraft:stone_brick_wall":1,"minecraft:gold_block":1,"minecells:king_statue":1,"ad_astra:sky_stone":12,"minecraft:shield":3,"minecraft:cornflower":2,"graveyard:corruption":1,"techreborn:raw_silver":1,"simplyswords:runic_tablet":8,"minecraft:candle":2,"minecraft:beef":7,"minecraft:oak_boat":1,"minecraft:chest":2,"minecraft:sugar_cane":9,"minecraft:birch_sapling":2,"minecraft:egg":1,"minecraft:dark_oak_sapling":9,"minecraft:raw_iron":93,"minecraft:copper_ingot":4,"promenade:asphalt":8,"minecraft:bowl":10,"croptopia:blackbean_seed":2,"jewelry:jade":2,"minecells:monsters_eye":4,"techreborn:ruby_gem":5,"simplyswords:iron_halberd":1,"minecraft:dark_oak_planks":4,"regions_unexplored:dusktrap":1,"minecraft:arrow":32,"jewelry:ruby":2,"minecraft:hay_block":1,"minecraft:skeleton_skull":2,"minecraft:stripped_oak_log":2,"minecraft:lime_bed":1,"minecraft:mud_bricks":1,"modern_industrialization:raw_antimony":1,"minecraft:basalt":6,"minecraft:tripwire_hook":1,"minecraft:leather":7,"minecraft:red_mushroom":33,"minecraft:birch_planks":7,"minecraft:oak_log":8,"minecraft:gunpowder":2,"minecraft:paper":1,"minecells:health_flask":2,"jewelry:tanzanite":1,"minecraft:apple":2,"minecraft:stone_bricks":3,"minecraft:stone_pickaxe":1,"minecraft:cobweb":6,"techreborn:deepslate_bauxite_ore":1,"travelersbackpack:blank_upgrade":1,"minecraft:book":6,"jewelry:topaz":1,"modern_industrialization:raw_tungsten":1,"minecells:monster_cell":20,"minecells:infected_flesh":29,"powah:uraninite_raw":8,"minecraft:red_banner":1,"minecells:electric_whip":1,"minecraft:stone_axe":1,"minecraft:coal":75,"minecraft:ender_pearl":1},"minecraft:used":{"fwaystones:waystone":1,"minecells:king_statue":1,"minecraft:chest":6,"minecraft:shield":52,"minecraft:rotten_flesh":2,"farmersdelight:fried_rice":20,"simplyswords:arcanethyst":1,"minecraft:furnace":4,"simplyswords:dormant_relic":578,"simplyswords:ribboncleaver":83,"minecraft:diorite":2,"minecraft:stone_pickaxe":215,"minecraft:wooden_pickaxe":10,"simplyswords:molten_edge":35,"minecraft:golden_apple":1,"minecraft:mushroom_stew":29,"simplyswords:iron_halberd":65,"minecraft:bread":9,"minecraft:smithing_table":1,"simplyswords:iron_glaive":10,"minecraft:oak_boat":1,"simplyswords:iron_claymore":28,"minecraft:stone_sword":42,"minecraft:torch":146,"minecraft:dirt":20,"minecraft:anvil":2,"twigs:rhyolite":2,"minecells:monsters_eye":4,"minecraft:dark_oak_planks":47,"simplyswords:diamond_scythe":1,"minecraft:mud_bricks":1,"minecraft:cooked_beef":7,"minecraft:cobbled_deepslate":1,"minecraft:iron_leggings":1,"minecraft:water_bucket":12,"minecraft:stonecutter":1,"paladins:holy_wand":4,"minecraft:crafting_table":4,"minecraft:lime_bed":1,"minecraft:white_bed":1,"minecraft:diamond_pickaxe":47,"minecraft:apple":2,"minecraft:iron_pickaxe":594,"ad_astra:sky_stone":8,"minecraft:stone_axe":77,"minecraft:cobblestone":244,"minecraft:cooked_porkchop":8,"minecraft:bucket":13},"minecraft:crafted":{"minecraft:oak_planks":32,"travelersbackpack:iron":1,"minecraft:cooked_chicken":4,"minecraft:stone":29,"fwaystones:abyss_watcher":1,"minecraft:iron_boots":3,"minecraft:chest":5,"techreborn:steel_ingot":27,"travelersbackpack:iron_tier_upgrade":1,"minecraft:cooked_porkchop":7,"minecraft:crafting_table":1,"minecraft:wooden_pickaxe":1,"travelersbackpack:standard":2,"minecraft:iron_helmet":4,"minecraft:smithing_table":1,"minecraft:iron_chestplate":2,"minecraft:diamond_pickaxe":1,"minecraft:stick":52,"minecraft:iron_ingot":63,"minecraft:iron_pickaxe":4,"minecraft:gold_ingot":57,"minecraft:coal":45,"comforts:sleeping_bag_white":1,"minecraft:furnace":3,"minecraft:mushroom_stew":17,"fwaystones:waystone":1,"minecraft:stone_pickaxe":3,"minecraft:dark_oak_planks":192,"minecraft:cooked_beef":7,"minecraft:bowl":16,"minecraft:stone_axe":1,"minecraft:air":0,"minecraft:oak_boat":1,"minecraft:white_wool":14,"minecraft:iron_leggings":2,"minecraft:stonecutter":1,"minecraft:white_bed":1,"minecraft:torch":104},"minecraft:killed":{"minecraft:cave_spider":4,"minecraft:spider":4,"naturalist:boar":3,"minecraft:skeleton":23,"minecraft:chicken":3,"minecells:leaping_zombie":28,"minecells:protector":3,"minecells:grenadier":4,"minecraft:pig":7,"minecraft:zombie_villager":3,"minecraft:pillager":1,"tinyskeletons:baby_skeleton":4,"minecraft:zombie":44,"minecells:shieldbearer":6,"minecraft:cow":4,"minecells:mutated_bat":8,"minecraft:vindicator":2,"minecells:undead_archer":3,"bewitchment:ghost":1,"adventurez:orc":2,"graveyard:ghoul":2,"mythicmounts:firebird":1,"minecells:runner":5,"minecraft:bat":1,"minecraft:villager":1,"minecraft:enderman":1},"minecraft:killed_by":{"creeperoverhaul:jungle_creeper":1,"naturalist:hippo":1,"minecells:leaping_zombie":1},"minecraft:dropped":{"minecraft:moss_block":1,"minecraft:brown_mushroom":6,"minecraft:porkchop":1,"minecraft:dark_oak_sapling":8,"minecells:electric_whip":1,"minecraft:leather":1,"minecraft:red_mushroom":2,"graveyard:small_brown_urn":1,"minecraft:cornflower":2,"minecraft:jack_o_lantern":1,"minecraft:chain":31,"minecraft:dark_oak_planks":12,"twigs:twig":10,"minecraft:bone":13,"simplyswords:runic_tablet":3,"minecraft:cooked_chicken":4,"minecraft:birch_sapling":2,"minecraft:rotten_flesh":25,"simplyswords:arcanethyst":1,"travelersbackpack:iron":1,"beachparty:rubber_ring_axolotl":2,"supplementaries:flax_seeds":1,"supplementaries:ash":4,"modern_industrialization:raw_antimony":1,"minecraft:arrow":17,"minecraft:splash_potion":1,"minecraft:enchanted_book":1,"minecraft:iron_ingot":5,"minecraft:wheat_seeds":4,"minecraft:cobblestone":5,"minecraft:granite":12,"minecraft:coal":1,"minecraft:stick":4,"minecraft:golden_carrot":2,"regions_unexplored:dusktrap":1,"travelersbackpack:blank_upgrade":1,"travelersbackpack:enderman":1,"minecraft:string":32,"minecraft:acacia_planks":1,"twigs:rhyolite":11,"twigs:petrified_lichen":1,"minecraft:bowl":13,"minecraft:tuff":2,"simplyswords:dormant_relic":1,"promenade:asphalt":8,"minecraft:hay_block":1,"minecraft:shield":1,"minecraft:iron_chestplate":1,"minecraft:andesite":20,"minecraft:oak_sapling":11,"minecraft:stripped_acacia_log":1,"minecraft:stone_pickaxe":2,"minecraft:wooden_pickaxe":1,"simplyswords:iron_claymore":1}},"DataVersion":3465}