{"stats":{"minecraft:mined":{"minecells:corpse":1,"minecraft:dark_oak_log":1,"minecraft:basalt":6,"minecraft:jack_o_lantern":1,"minecraft:crafting_table":3,"minecraft:grass_block":8,"minecraft:chest":2,"minecraft:coal_block":5,"minecraft:cobblestone":2,"minecraft:oak_planks":1,"minecraft:sugar_cane":3,"minecraft:hay_block":1,"minecraft:lime_bed":1,"minecraft:fire":8,"treechop:chopped_log":4,"minecraft:grass":3,"minecraft:coal_ore":1,"minecells:wilted_wall_leaves":1,"minecraft:dirt":2,"minecraft:stripped_acacia_log":1,"minecells:hanged_skeleton":1,"minecraft:acacia_planks":1,"minecraft:stone":7,"minecraft:stone_bricks":2,"ad_astra:sky_stone":11,"minecraft:oak_leaves":4,"minecraft:fern":1},"minecraft:custom":{"minecraft:interact_with_furnace":9,"lootr:looted_stat":12,"minecraft:mob_kills":22,"minecraft:interact_with_crafting_table":13,"minecraft:eat_cake_slice":1,"minecraft:leave_game":3,"minecraft:time_since_death":27354,"minecraft:sleep_in_bed":1,"minecraft:climb_one_cm":1987,"minecraft:hex":0,"minecraft:time_since_rest":11770,"minecraft:sprint_one_cm":191159,"minecraft:damage_taken":1590,"minecraft:walk_one_cm":92773,"minecraft:damage_blocked_by_shield":423,"minecraft:drop":17,"minecraft:damage_dealt":2979,"minecraft:talked_to_villager":1,"minecraft:swim_one_cm":46559,"minecraft:fly_one_cm":216226,"minecraft:open_chest":23,"minecraft:crouch_one_cm":4787,"minecraft:play_time":48381,"minecraft:deaths":2,"minecraft:sneak_time":1957,"minecraft:walk_under_water_one_cm":2236,"minecraft:boat_one_cm":13257,"minecraft:jump":953,"minecraft:walk_on_water_one_cm":7902,"minecraft:total_world_time":48381,"minecraft:fall_one_cm":22374},"minecraft:picked_up":{"minecraft:stripped_oak_log":1,"minecraft:lime_bed":1,"minecraft:crafting_table":3,"minecraft:feather":4,"minecraft:basalt":6,"minecraft:chicken":4,"minecraft:leather":5,"minecraft:brown_mushroom":1,"minecraft:enchanted_book":1,"minecraft:oak_log":8,"ad_astra:sky_stone":11,"minecraft:gunpowder":1,"minecraft:string":1,"minecraft:dirt":12,"minecraft:bone":7,"travelersbackpack:backpack_tank":2,"minecraft:acacia_planks":1,"minecraft:apple":1,"minecraft:beef":7,"minecraft:oak_boat":1,"fishofthieves:earthworms":3,"minecraft:sugar_cane":9,"twigs:twig":8,"minecraft:coal_block":5,"minecraft:chest":2,"minecraft:birch_sapling":2,"minecraft:egg":1,"minecraft:dark_oak_sapling":1,"minecells:guts":3,"minecraft:stick":3,"patchouli:guide_book":1,"minecells:monster_cell":2,"powah:book":1,"minecraft:porkchop":14,"simplyswords:iron_halberd":1,"minecraft:dark_oak_log":10,"minecells:electric_whip":1,"indrev:guide_book":1,"minecraft:stripped_acacia_log":1,"create:clipboard":2,"minecraft:arrow":3,"minecraft:rotten_flesh":17,"minecells:explosive_bulb":1,"minecraft:hay_block":1,"minecraft:jack_o_lantern":1,"minecraft:oak_sapling":11,"minecraft:coal":1,"minecraft:skeleton_skull":1,"minecraft:cobblestone":8},"minecraft:used":{"minecraft:stone_sword":42,"minecraft:stone_pickaxe":27,"minecraft:chest":4,"minecraft:wooden_pickaxe":10,"minecraft:shield":9,"minecraft:dirt":11,"paladins:holy_wand":4,"minecraft:lime_bed":1,"minecraft:crafting_table":4,"simplyswords:iron_halberd":20,"minecraft:white_bed":1,"farmersdelight:fried_rice":2,"minecraft:apple":1,"minecraft:bread":9,"ad_astra:sky_stone":8,"minecraft:stone_axe":39,"simplyswords:dormant_relic":4,"minecraft:oak_boat":1,"minecraft:cooked_beef":3},"minecraft:crafted":{"minecraft:cooked_beef":7,"techreborn:steel_ingot":27,"minecraft:oak_planks":32,"minecraft:coal":45,"minecraft:cooked_porkchop":7,"minecraft:crafting_table":1,"minecraft:wooden_pickaxe":1,"minecraft:stone_axe":1,"minecraft:air":0,"minecraft:oak_boat":1,"minecraft:white_wool":3,"minecraft:stick":8,"minecraft:stone_pickaxe":1,"minecraft:white_bed":1,"minecraft:chest":2,"minecraft:dark_oak_planks":8},"minecraft:killed":{"minecraft:pig":7,"minecells:undead_archer":1,"minecraft:skeleton":2,"minecraft:chicken":3,"minecells:shieldbearer":1,"minecells:leaping_zombie":2,"minecells:grenadier":2,"minecraft:cow":4},"minecraft:killed_by":{"creeperoverhaul:jungle_creeper":1,"naturalist:hippo":1},"minecraft:dropped":{"minecraft:enchanted_book":1,"minecraft:birch_sapling":2,"minecraft:rotten_flesh":5,"minecells:electric_whip":1,"minecraft:coal":1,"minecraft:hay_block":1,"minecraft:oak_sapling":11,"minecraft:jack_o_lantern":1,"minecraft:stripped_acacia_log":1,"minecraft:arrow":2,"minecraft:wooden_pickaxe":1,"minecraft:acacia_planks":1}},"DataVersion":3465}