{"stats":{"minecraft:used":{"minecells:king_statue":1,"minecraft:stone_sword":42,"simplyswords:iron_claymore":28,"minecraft:chest":6,"minecraft:shield":37,"minecraft:dirt":11,"minecells:monsters_eye":4,"minecraft:dark_oak_planks":1,"farmersdelight:fried_rice":14,"simplyswords:diamond_scythe":1,"simplyswords:arcanethyst":1,"minecraft:cooked_beef":7,"simplyswords:dormant_relic":241,"minecraft:iron_leggings":1,"minecraft:stone_pickaxe":47,"minecraft:wooden_pickaxe":10,"minecraft:stonecutter":1,"paladins:holy_wand":4,"minecraft:lime_bed":1,"minecraft:crafting_table":4,"simplyswords:iron_halberd":65,"minecraft:white_bed":1,"minecraft:apple":1,"minecraft:bread":9,"minecraft:iron_pickaxe":4,"ad_astra:sky_stone":8,"minecraft:stone_axe":52,"minecraft:cooked_porkchop":7,"simplyswords:iron_glaive":10,"minecraft:oak_boat":1},"minecraft:broken":{"minecraft:iron_boots":1,"minecraft:iron_leggings":1,"minecraft:iron_helmet":1,"minecraft:golden_chestplate":1},"minecraft:killed_by":{"minecells:leaping_zombie":1,"creeperoverhaul:jungle_creeper":1,"naturalist:hippo":1},"minecraft:crafted":{"minecraft:oak_planks":32,"minecraft:coal":45,"comforts:sleeping_bag_white":1,"minecraft:cooked_chicken":4,"minecraft:stone":29,"minecraft:iron_boots":2,"minecraft:stone_pickaxe":1,"minecraft:chest":5,"minecraft:dark_oak_planks":40,"minecraft:cooked_beef":7,"techreborn:steel_ingot":27,"minecraft:cooked_porkchop":7,"minecraft:crafting_table":1,"travelersbackpack:standard":1,"minecraft:wooden_pickaxe":1,"minecraft:iron_helmet":3,"minecraft:stone_axe":1,"minecraft:air":0,"minecraft:oak_boat":1,"minecraft:white_wool":14,"minecraft:iron_chestplate":2,"minecraft:stick":24,"minecraft:iron_ingot":3,"minecraft:iron_pickaxe":1,"minecraft:iron_leggings":2,"minecraft:stonecutter":1,"minecraft:white_bed":1},"minecraft:mined":{"minecells:putrid_fence":4,"minecraft:dark_oak_log":1,"minecraft:jack_o_lantern":1,"minecraft:grass_block":25,"twigs:twig":1,"minecraft:coal_block":5,"minecells:putrid_board_block":2,"minecraft:hay_block":1,"minecraft:fire":20,"treechop:chopped_log":4,"minecells:wilted_wall_leaves":2,"minecells:king_statue":1,"minecraft:stripped_acacia_log":1,"minecraft:stone":10,"ad_astra:sky_stone":11,"minecells:prison_bricks":2,"minecells:corpse":1,"minecraft:basalt":6,"minecraft:crafting_table":3,"minecraft:chest":2,"minecraft:tall_grass":1,"minecraft:cobblestone":5,"minecells:alchemy_equipment_0":1,"minecraft:sugar_cane":3,"minecraft:oak_planks":1,"minecells:bloomrock":5,"minecraft:birch_planks":7,"minecraft:lime_bed":1,"techreborn:ruby_ore":1,"minecraft:grass":7,"minecraft:coal_ore":1,"minecraft:dirt":4,"minecells:hanged_skeleton":1,"minecraft:acacia_planks":1,"minecraft:stone_bricks":2,"minecraft:oak_leaves":4,"minecraft:fern":2},"minecraft:custom":{"lootr:looted_stat":49,"minecraft:interact_with_anvil":3,"minecraft:mob_kills":75,"minecraft:interact_with_crafting_table":31,"minecraft:damage_dealt_resisted":0,"minecraft:eat_cake_slice":1,"minecraft:leave_game":5,"minecraft:time_since_death":81081,"minecraft:climb_one_cm":1987,"minecraft:damage_resisted":0,"minecraft:sprint_one_cm":413983,"minecraft:walk_one_cm":273708,"minecraft:damage_blocked_by_shield":2491,"minecraft:drop":34,"minecraft:talked_to_villager":1,"minecraft:play_time":137416,"minecraft:deaths":3,"minecraft:sneak_time":3746,"minecraft:walk_under_water_one_cm":2464,"minecraft:boat_one_cm":13257,"minecraft:jump":1777,"minecraft:walk_on_water_one_cm":8537,"minecraft:total_world_time":137416,"minecraft:interact_with_furnace":17,"minecraft:interact_with_stonecutter":1,"minecraft:sleep_in_bed":3,"minecraft:hex":0,"minecraft:time_since_rest":12533,"minecraft:damage_taken":6207,"minecraft:damage_dealt":12675,"minecraft:swim_one_cm":47235,"minecraft:fly_one_cm":422100,"minecraft:open_chest":168,"minecraft:crouch_one_cm":9689,"minecraft:threat":1,"minecraft:fall_one_cm":38178},"minecraft:dropped":{"minecraft:enchanted_book":1,"minecraft:iron_ingot":5,"minecells:electric_whip":1,"minecraft:coal":1,"minecraft:stick":4,"minecraft:jack_o_lantern":1,"minecraft:chain":31,"minecraft:dark_oak_planks":11,"minecraft:string":32,"minecraft:acacia_planks":1,"simplyswords:runic_tablet":3,"minecraft:cooked_chicken":4,"minecraft:bowl":4,"minecraft:birch_sapling":2,"simplyswords:dormant_relic":1,"simplyswords:arcanethyst":1,"minecraft:rotten_flesh":22,"minecraft:hay_block":1,"minecraft:shield":1,"minecraft:oak_sapling":11,"minecraft:stripped_acacia_log":1,"minecraft:arrow":2,"minecraft:stone_pickaxe":1,"minecraft:wooden_pickaxe":1,"simplyswords:iron_claymore":1},"minecraft:killed":{"minecells:mutated_bat":8,"minecells:undead_archer":3,"minecraft:skeleton":3,"minecraft:chicken":3,"minecells:leaping_zombie":28,"minecells:grenadier":4,"minecells:protector":3,"minecraft:pig":7,"minecells:runner":5,"minecells:shieldbearer":6,"minecraft:cow":4},"minecraft:picked_up":{"minecraft:crafting_table":3,"minecraft:chicken":4,"minecraft:brown_mushroom":1,"minecells:king_statue":1,"minecraft:enchanted_book":2,"ad_astra:sky_stone":11,"minecraft:shield":3,"minecraft:string":33,"simplyswords:diamond_scythe":1,"simplyswords:runic_tablet":7,"minecraft:beef":7,"minecraft:oak_boat":1,"minecraft:coal_block":5,"minecraft:sugar_cane":9,"minecraft:chest":2,"minecraft:birch_sapling":2,"minecells:transposition_core":1,"minecraft:egg":1,"minecraft:dark_oak_sapling":1,"minecraft:golden_helmet":1,"minecells:guts":17,"minecraft:stick":3,"croptopia:blackbean":1,"minecraft:bowl":7,"croptopia:blackbean_seed":2,"minecells:monsters_eye":4,"simplyswords:arcanethyst":1,"techreborn:ruby_gem":1,"powah:book":1,"minecraft:porkchop":14,"simplyswords:dormant_relic":1,"simplyswords:iron_halberd":1,"minecells:putrid_fence":3,"indrev:guide_book":1,"minecraft:arrow":5,"minecraft:rotten_flesh":50,"create:clipboard":2,"minecraft:hay_block":1,"minecells:putrid_board_block":1,"minecraft:skeleton_skull":1,"minecraft:cobblestone":11,"minecraft:stripped_oak_log":2,"minecraft:lime_bed":1,"minecraft:feather":4,"minecraft:basalt":6,"minecraft:leather":5,"minecraft:red_mushroom":11,"minecraft:birch_planks":7,"minecraft:oak_log":8,"minecraft:gunpowder":2,"minecraft:dirt":31,"minecraft:paper":1,"minecells:health_flask":2,"minecraft:bone":8,"travelersbackpack:backpack_tank":2,"minecraft:acacia_planks":1,"minecraft:apple":1,"minecraft:wheat_seeds":1,"minecraft:stone_pickaxe":1,"fishofthieves:earthworms":4,"twigs:twig":9,"spellbladenext:frost_claymore":1,"minecraft:oak_planks":1,"minecraft:cooked_porkchop":1,"patchouli:guide_book":1,"minecells:monster_cell":20,"minecells:infected_flesh":29,"minecells:metal_shards":4,"minecraft:dark_oak_log":10,"minecells:electric_whip":1,"minecraft:stripped_acacia_log":1,"minecells:explosive_bulb":2,"minecraft:stone_axe":1,"minecells:bloomrock":5,"minecraft:jack_o_lantern":1,"minecraft:oak_sapling":11,"minecraft:coal":1}},"DataVersion":3465}