{"stats":{"minecraft:used":{"minecells:king_statue":1,"minecraft:stone_sword":42,"simplyswords:iron_claymore":28,"minecraft:chest":6,"minecraft:shield":40,"minecraft:torch":34,"minecraft:dirt":19,"twigs:rhyolite":2,"minecells:monsters_eye":4,"minecraft:dark_oak_planks":1,"farmersdelight:fried_rice":16,"simplyswords:diamond_scythe":1,"simplyswords:arcanethyst":1,"minecraft:furnace":1,"minecraft:cobbled_deepslate":1,"minecraft:cooked_beef":7,"simplyswords:dormant_relic":264,"minecraft:iron_leggings":1,"minecraft:diorite":2,"minecraft:stone_pickaxe":187,"minecraft:wooden_pickaxe":10,"minecraft:stonecutter":1,"paladins:holy_wand":4,"minecraft:lime_bed":1,"minecraft:crafting_table":4,"simplyswords:iron_halberd":65,"minecraft:white_bed":1,"minecraft:apple":1,"minecraft:bread":9,"minecraft:iron_pickaxe":211,"ad_astra:sky_stone":8,"minecraft:stone_axe":52,"minecraft:cobblestone":69,"minecraft:cooked_porkchop":8,"simplyswords:iron_glaive":10,"minecraft:oak_boat":1},"minecraft:broken":{"minecraft:iron_boots":1,"minecraft:iron_leggings":1,"minecraft:stone_pickaxe":1,"minecraft:iron_helmet":1,"minecraft:golden_chestplate":1},"minecraft:killed_by":{"minecells:leaping_zombie":1,"creeperoverhaul:jungle_creeper":1,"naturalist:hippo":1},"minecraft:crafted":{"minecraft:oak_planks":32,"minecraft:coal":45,"comforts:sleeping_bag_white":1,"minecraft:cooked_chicken":4,"minecraft:furnace":1,"minecraft:stone":29,"minecraft:iron_boots":2,"minecraft:stone_pickaxe":3,"minecraft:chest":5,"minecraft:dark_oak_planks":44,"minecraft:cooked_beef":7,"techreborn:steel_ingot":27,"minecraft:cooked_porkchop":7,"minecraft:crafting_table":1,"travelersbackpack:standard":1,"minecraft:wooden_pickaxe":1,"minecraft:iron_helmet":3,"minecraft:stone_axe":1,"minecraft:air":0,"minecraft:oak_boat":1,"minecraft:white_wool":14,"minecraft:iron_chestplate":2,"minecraft:stick":32,"minecraft:iron_ingot":8,"minecraft:iron_pickaxe":2,"minecraft:iron_leggings":2,"minecraft:stonecutter":1,"minecraft:white_bed":1,"minecraft:torch":28},"minecraft:mined":{"minecells:putrid_fence":4,"minecraft:deepslate_diamond_ore":1,"regions_unexplored:dusktrap":1,"minecraft:dark_oak_log":1,"minecraft:jack_o_lantern":1,"minecraft:granite":13,"minecraft:grass_block":27,"twigs:twig":1,"minecraft:coal_block":5,"techreborn:bauxite_ore":2,"minecells:putrid_board_block":2,"minecraft:hay_block":1,"minecraft:furnace":1,"minecraft:iron_ore":5,"techreborn:lead_ore":2,"minecraft:fire":20,"minecraft:andesite":10,"treechop:chopped_log":4,"indrev:deepslate_nikolite_ore":3,"minecells:wilted_wall_leaves":2,"minecells:king_statue":1,"minecraft:stripped_acacia_log":1,"minecraft:stone":158,"ad_astra:sky_stone":11,"minecells:prison_bricks":2,"modern_industrialization:deepslate_tungsten_ore":1,"minecells:corpse":1,"minecraft:basalt":6,"minecraft:crafting_table":3,"minecraft:chest":2,"minecraft:copper_ore":1,"minecraft:tall_grass":2,"minecraft:cobblestone":8,"minecells:alchemy_equipment_0":1,"minecraft:lapis_ore":4,"minecraft:sugar_cane":3,"minecraft:oak_planks":1,"minecraft:diorite":91,"minecraft:wall_torch":3,"supplementaries:urn":2,"minecells:bloomrock":5,"minecraft:birch_planks":7,"minecraft:lime_bed":1,"jewelry:deepslate_gem_vein":2,"techreborn:ruby_ore":3,"snifferplus:ivy_head":1,"minecraft:grass":8,"minecraft:coal_ore":28,"minecraft:dirt":7,"minecells:hanged_skeleton":1,"twigs:rhyolite":7,"minecraft:acacia_planks":1,"promenade:asphalt":8,"minecraft:stone_bricks":2,"minecraft:oak_leaves":4,"minecraft:deepslate":6,"minecraft:fern":2,"soulsweapons:verglas_ore":1},"minecraft:custom":{"lootr:looted_stat":49,"minecraft:interact_with_anvil":3,"minecraft:mob_kills":80,"minecraft:interact_with_crafting_table":31,"minecraft:damage_dealt_resisted":0,"minecraft:eat_cake_slice":1,"minecraft:leave_game":5,"minecraft:time_since_death":99081,"minecraft:climb_one_cm":1987,"minecraft:damage_resisted":0,"minecraft:sprint_one_cm":424435,"minecraft:walk_one_cm":301131,"minecraft:damage_blocked_by_shield":2576,"minecraft:drop":42,"minecraft:talked_to_villager":1,"minecraft:play_time":155416,"minecraft:deaths":3,"minecraft:sneak_time":5618,"minecraft:walk_under_water_one_cm":5800,"minecraft:boat_one_cm":13257,"minecraft:jump":1965,"minecraft:walk_on_water_one_cm":8705,"minecraft:total_world_time":155416,"minecraft:interact_with_furnace":22,"minecraft:interact_with_stonecutter":1,"minecraft:sleep_in_bed":3,"minecraft:hex":0,"minecraft:time_since_rest":30533,"minecraft:damage_taken":6654,"minecraft:damage_dealt":13760,"minecraft:swim_one_cm":60832,"minecraft:fly_one_cm":431797,"minecraft:open_chest":168,"minecraft:crouch_one_cm":14675,"minecraft:threat":1,"minecraft:fall_one_cm":41601},"minecraft:dropped":{"minecraft:enchanted_book":1,"minecraft:iron_ingot":5,"minecraft:wheat_seeds":1,"minecells:electric_whip":1,"minecraft:coal":1,"minecraft:stick":4,"regions_unexplored:dusktrap":1,"minecraft:jack_o_lantern":1,"minecraft:chain":31,"minecraft:dark_oak_planks":11,"minecraft:string":32,"minecraft:acacia_planks":1,"twigs:rhyolite":3,"simplyswords:runic_tablet":3,"twigs:petrified_lichen":1,"minecraft:cooked_chicken":4,"minecraft:bowl":7,"minecraft:birch_sapling":2,"simplyswords:dormant_relic":1,"simplyswords:arcanethyst":1,"minecraft:rotten_flesh":25,"promenade:asphalt":8,"minecraft:hay_block":1,"minecraft:shield":1,"minecraft:oak_sapling":11,"minecraft:stripped_acacia_log":1,"minecraft:arrow":5,"minecraft:stone_pickaxe":1,"minecraft:wooden_pickaxe":1,"simplyswords:iron_claymore":1},"minecraft:killed":{"minecells:mutated_bat":8,"minecells:undead_archer":3,"minecraft:skeleton":4,"minecraft:chicken":3,"minecells:leaping_zombie":28,"minecells:grenadier":4,"minecells:protector":3,"minecraft:pig":7,"minecells:runner":5,"tinyskeletons:baby_skeleton":1,"minecraft:zombie":3,"minecells:shieldbearer":6,"minecraft:cow":4},"minecraft:picked_up":{"minecraft:crafting_table":3,"twigs:petrified_lichen":1,"minecraft:chicken":4,"minecraft:brown_mushroom":1,"minecells:king_statue":1,"minecraft:enchanted_book":2,"ad_astra:sky_stone":11,"minecraft:shield":3,"minecraft:string":33,"minecraft:raw_copper":3,"simplyswords:diamond_scythe":1,"simplyswords:runic_tablet":7,"minecraft:cobbled_deepslate":10,"minecraft:beef":7,"minecraft:oak_boat":1,"minecraft:coal_block":5,"minecraft:sugar_cane":9,"minecraft:chest":2,"minecraft:birch_sapling":2,"minecells:transposition_core":1,"minecraft:furnace":1,"minecraft:egg":1,"minecraft:raw_iron":5,"minecraft:dark_oak_sapling":1,"minecraft:golden_helmet":1,"minecells:guts":17,"minecraft:stick":3,"promenade:asphalt":8,"croptopia:blackbean":1,"minecraft:torch":11,"minecraft:bowl":7,"croptopia:blackbean_seed":2,"minecells:monsters_eye":4,"simplyswords:arcanethyst":1,"techreborn:ruby_gem":5,"powah:book":1,"minecraft:porkchop":14,"simplyswords:dormant_relic":1,"simplyswords:iron_halberd":1,"minecraft:diorite":91,"minecells:putrid_fence":3,"indrev:guide_book":1,"regions_unexplored:dusktrap":1,"jewelry:ruby":1,"minecraft:arrow":8,"minecraft:rotten_flesh":53,"create:clipboard":2,"minecraft:hay_block":1,"minecells:putrid_board_block":1,"supplementaries:ash":3,"minecraft:skeleton_skull":1,"minecraft:cobblestone":166,"minecraft:stripped_oak_log":2,"minecraft:lime_bed":1,"minecraft:feather":4,"minecraft:basalt":6,"minecraft:andesite":10,"minecraft:leather":5,"minecraft:red_mushroom":11,"minecraft:birch_planks":7,"create:raw_zinc":1,"minecraft:oak_log":8,"minecraft:gunpowder":2,"minecraft:lapis_lazuli":26,"minecraft:dirt":36,"minecraft:paper":1,"minecells:health_flask":2,"jewelry:tanzanite":1,"minecraft:bone":12,"travelersbackpack:backpack_tank":2,"minecraft:acacia_planks":1,"minecraft:apple":1,"minecraft:wheat_seeds":2,"minecraft:stone_pickaxe":1,"fishofthieves:earthworms":4,"twigs:twig":9,"spellbladenext:frost_claymore":1,"minecraft:oak_planks":1,"modern_industrialization:raw_tungsten":1,"minecraft:cooked_porkchop":1,"patchouli:guide_book":1,"minecells:monster_cell":20,"techreborn:raw_lead":4,"minecells:infected_flesh":29,"minecells:metal_shards":4,"minecraft:dark_oak_log":10,"techreborn:bauxite_ore":2,"minecells:electric_whip":1,"minecraft:stripped_acacia_log":1,"minecraft:diamond":1,"minecells:explosive_bulb":2,"minecraft:stone_axe":1,"minecraft:emerald":5,"minecraft:granite":12,"minecells:bloomrock":5,"soulsweapons:verglas":1,"indrev:nikolite_dust":9,"twigs:rhyolite":5,"minecraft:jack_o_lantern":1,"minecraft:oak_sapling":11,"minecraft:coal":47}},"DataVersion":3465}