{"stats":{"minecraft:broken":{"beachparty:rubber_ring_axolotl":1,"minecraft:iron_boots":1,"minecraft:iron_leggings":1,"minecraft:stone_pickaxe":1,"minecraft:golden_chestplate":1,"minecraft:iron_pickaxe":1,"minecraft:iron_helmet":2},"minecraft:mined":{"winterly:raw_cryomarble_shard":2,"minecells:putrid_fence":4,"minecraft:granite":14,"minecraft:grass_block":27,"twigs:twig":1,"modern_industrialization:lignite_coal_ore":9,"minecraft:coal_block":5,"minecells:putrid_board_block":2,"minecraft:spawner":2,"minecraft:iron_ore":40,"minecraft:fire":20,"minecraft:deepslate_lapis_ore":4,"minecraft:anvil":2,"minecells:wilted_wall_leaves":2,"minecells:king_statue":1,"techreborn:deepslate_galena_ore":3,"minecells:prison_bricks":2,"techreborn:deepslate_bauxite_ore":1,"minecraft:brown_mushroom":13,"modern_industrialization:deepslate_tungsten_ore":1,"minecells:corpse":1,"techreborn:deepslate_tin_ore":1,"minecraft:chest":2,"indrev:sulfur_crystal":2,"minecraft:cobblestone":9,"minecraft:sugar_cane":3,"minecraft:oak_planks":1,"minecraft:wall_torch":3,"powah:deepslate_uraninite_ore_poor":8,"modern_industrialization:deepslate_uranium_ore":1,"minecells:bloomrock":5,"minecraft:grass":12,"minecraft:dirt":7,"twigs:rhyolite":7,"promenade:asphalt":8,"minecraft:oak_leaves":4,"minecraft:deepslate":46,"soulsweapons:verglas_ore":1,"techreborn:sapphire_ore":4,"botania:magenta_mushroom":1,"minecraft:tuff":3,"minecraft:deepslate_diamond_ore":9,"regions_unexplored:dusktrap":1,"minecraft:dark_oak_log":1,"minecraft:jack_o_lantern":1,"techreborn:bauxite_ore":2,"minecraft:red_mushroom":9,"minecraft:hay_block":1,"botania:purple_mushroom":1,"minecraft:furnace":2,"techreborn:lead_ore":10,"minecraft:andesite":26,"treechop:chopped_log":4,"indrev:deepslate_nikolite_ore":7,"soulsweapons:moonstone_ore_deepslate":6,"minecraft:deepslate_iron_ore":45,"minecraft:stripped_acacia_log":1,"minecraft:stone":191,"ad_astra:sky_stone":11,"techreborn:deepslate_silver_ore":2,"minecraft:basalt":6,"minecraft:crafting_table":3,"minecraft:tall_grass":2,"minecraft:copper_ore":7,"minecells:alchemy_equipment_0":1,"minecraft:lapis_ore":4,"minecraft:deepslate_gold_ore":48,"minecraft:diorite":106,"techreborn:tin_ore":7,"supplementaries:urn":21,"minecraft:birch_planks":7,"minecraft:lime_bed":1,"jewelry:deepslate_gem_vein":6,"techreborn:ruby_ore":3,"modern_industrialization:antimony_ore":1,"minecraft:torchflower":1,"snifferplus:ivy_head":1,"minecraft:coal_ore":56,"minecraft:cobweb":24,"minecells:hanged_skeleton":1,"minecraft:acacia_planks":1,"minecraft:stone_bricks":2,"minecraft:gold_ore":3,"minecraft:fern":2},"minecraft:custom":{"lootr:looted_stat":58,"minecraft:interact_with_crafting_table":33,"minecraft:eat_cake_slice":1,"minecraft:leave_game":6,"minecraft:time_since_death":174796,"minecraft:damage_resisted":0,"minecraft:sprint_one_cm":581658,"minecraft:damage_blocked_by_shield":2866,"minecraft:drop":64,"minecraft:talked_to_villager":2,"minecraft:play_time":231131,"minecraft:deaths":3,"minecraft:jump":3171,"minecraft:walk_on_water_one_cm":19300,"minecraft:interact_with_furnace":31,"minecraft:sleep_in_bed":3,"minecraft:damage_dealt":23504,"minecraft:crouch_one_cm":36335,"minecraft:mob_kills":125,"minecraft:interact_with_anvil":3,"minecraft:damage_dealt_resisted":0,"minecraft:climb_one_cm":2244,"minecraft:walk_one_cm":439235,"minecraft:sneak_time":14016,"minecraft:walk_under_water_one_cm":9287,"minecraft:boat_one_cm":13257,"minecraft:interact_with_blast_furnace":2,"minecraft:total_world_time":231131,"minecraft:interact_with_grindstone":1,"minecraft:interact_with_stonecutter":3,"minecraft:hex":0,"minecraft:time_since_rest":106248,"minecraft:damage_taken":7830,"minecraft:swim_one_cm":79393,"minecraft:fly_one_cm":606193,"minecraft:open_chest":191,"minecraft:threat":1,"minecraft:fall_one_cm":69355},"minecraft:picked_up":{"techreborn:deepslate_galena_ore":1,"techreborn:raw_tin":8,"minecraft:anvil":2,"soulsweapons:moonstone":6,"minecraft:enchanted_book":2,"minecraft:string":60,"minecraft:raw_copper":32,"simplyswords:diamond_scythe":1,"minecraft:cobbled_deepslate":41,"modern_industrialization:raw_uranium":1,"minecraft:coal_block":5,"minecells:transposition_core":1,"minecraft:furnace":2,"minecraft:golden_helmet":1,"minecells:guts":17,"minecraft:stick":3,"croptopia:blackbean":1,"minecraft:torch":37,"simplyswords:arcanethyst":1,"powah:book":1,"minecraft:porkchop":14,"simplyswords:dormant_relic":1,"minecraft:diorite":104,"minecells:putrid_fence":3,"indrev:guide_book":1,"mutantmonsters:hulk_hammer":1,"minecraft:rotten_flesh":59,"create:clipboard":2,"minecells:putrid_board_block":1,"supplementaries:ash":21,"adventurez:orc_skin":3,"minecraft:cobblestone":203,"minecraft:feather":4,"minecraft:andesite":20,"minecraft:tuff":2,"create:raw_zinc":1,"supplementaries:flax_seeds":1,"botania:magenta_mushroom":1,"minecraft:dirt":36,"minecraft:lapis_lazuli":48,"minecraft:bone":21,"travelersbackpack:backpack_tank":2,"minecraft:acacia_planks":1,"minecraft:wheat_seeds":3,"minecraft:raw_gold":63,"fishofthieves:earthworms":4,"twigs:twig":9,"spellbladenext:frost_claymore":1,"minecraft:oak_planks":1,"minecraft:cooked_porkchop":1,"patchouli:guide_book":1,"techreborn:raw_lead":12,"minecells:metal_shards":4,"winterly:cryomarble_shard":2,"techreborn:sapphire_gem":7,"minecraft:dark_oak_log":29,"indrev:sulfur_crystal":6,"techreborn:bauxite_ore":2,"techreborn:peridot_gem":1,"minecraft:stripped_acacia_log":1,"minecells:explosive_bulb":2,"minecraft:diamond":9,"minecraft:granite":12,"minecells:bloomrock":5,"soulsweapons:verglas":1,"minecraft:emerald":5,"bewitchment:ectoplasm":1,"minecraft:oak_sapling":11,"minecraft:jack_o_lantern":1,"indrev:nikolite_dust":27,"twigs:rhyolite":5,"minecraft:crafting_table":3,"modern_industrialization:lignite_coal":9,"twigs:petrified_lichen":1,"minecraft:chicken":4,"minecraft:brown_mushroom":20,"minecells:king_statue":1,"ad_astra:sky_stone":11,"minecraft:shield":3,"minecraft:cornflower":2,"techreborn:raw_silver":1,"simplyswords:runic_tablet":7,"minecraft:beef":7,"minecraft:oak_boat":1,"minecraft:chest":2,"minecraft:sugar_cane":9,"minecraft:birch_sapling":2,"minecraft:egg":1,"minecraft:dark_oak_sapling":1,"minecraft:raw_iron":84,"promenade:asphalt":8,"minecraft:bowl":9,"croptopia:blackbean_seed":2,"jewelry:jade":2,"minecells:monsters_eye":4,"techreborn:ruby_gem":5,"simplyswords:iron_halberd":1,"minecraft:dark_oak_planks":1,"regions_unexplored:dusktrap":1,"minecraft:arrow":20,"jewelry:ruby":2,"minecraft:hay_block":1,"minecraft:skeleton_skull":2,"minecraft:stripped_oak_log":2,"minecraft:lime_bed":1,"modern_industrialization:raw_antimony":1,"minecraft:basalt":6,"minecraft:leather":5,"minecraft:red_mushroom":31,"minecraft:birch_planks":7,"minecraft:oak_log":8,"minecraft:gunpowder":2,"minecraft:paper":1,"minecells:health_flask":2,"jewelry:tanzanite":1,"minecraft:apple":1,"minecraft:stone_pickaxe":1,"techreborn:deepslate_bauxite_ore":1,"jewelry:topaz":1,"modern_industrialization:raw_tungsten":1,"minecells:monster_cell":20,"minecells:infected_flesh":29,"powah:uraninite_raw":8,"minecells:electric_whip":1,"minecraft:stone_axe":1,"minecraft:coal":75,"minecraft:ender_pearl":1},"minecraft:used":{"minecells:king_statue":1,"minecraft:chest":6,"minecraft:shield":50,"farmersdelight:fried_rice":20,"simplyswords:arcanethyst":1,"minecraft:furnace":4,"simplyswords:dormant_relic":503,"minecraft:diorite":2,"minecraft:stone_pickaxe":189,"minecraft:wooden_pickaxe":10,"minecraft:mushroom_stew":12,"simplyswords:iron_halberd":65,"minecraft:bread":9,"simplyswords:iron_glaive":10,"minecraft:oak_boat":1,"simplyswords:iron_claymore":28,"minecraft:stone_sword":42,"minecraft:torch":134,"minecraft:dirt":19,"twigs:rhyolite":2,"minecells:monsters_eye":4,"minecraft:dark_oak_planks":1,"simplyswords:diamond_scythe":1,"minecraft:cooked_beef":7,"minecraft:cobbled_deepslate":1,"minecraft:iron_leggings":1,"minecraft:water_bucket":10,"minecraft:stonecutter":1,"paladins:holy_wand":4,"minecraft:crafting_table":4,"minecraft:lime_bed":1,"minecraft:white_bed":1,"minecraft:apple":1,"minecraft:iron_pickaxe":573,"ad_astra:sky_stone":8,"minecraft:stone_axe":52,"minecraft:cobblestone":185,"minecraft:cooked_porkchop":8,"minecraft:bucket":11},"minecraft:crafted":{"minecraft:oak_planks":32,"minecraft:cooked_chicken":4,"minecraft:stone":29,"minecraft:iron_boots":2,"minecraft:chest":5,"techreborn:steel_ingot":27,"minecraft:cooked_porkchop":7,"minecraft:crafting_table":1,"minecraft:wooden_pickaxe":1,"travelersbackpack:standard":1,"minecraft:iron_helmet":3,"minecraft:iron_chestplate":2,"minecraft:stick":52,"minecraft:iron_ingot":11,"minecraft:iron_pickaxe":4,"minecraft:coal":45,"comforts:sleeping_bag_white":1,"minecraft:furnace":3,"minecraft:mushroom_stew":12,"minecraft:stone_pickaxe":3,"minecraft:dark_oak_planks":128,"minecraft:cooked_beef":7,"minecraft:bowl":12,"minecraft:stone_axe":1,"minecraft:air":0,"minecraft:oak_boat":1,"minecraft:white_wool":14,"minecraft:iron_leggings":2,"minecraft:stonecutter":1,"minecraft:white_bed":1,"minecraft:torch":104},"minecraft:killed":{"minecraft:cave_spider":4,"minecraft:spider":1,"minecraft:skeleton":14,"minecraft:chicken":3,"minecells:leaping_zombie":28,"minecells:protector":3,"minecells:grenadier":4,"minecraft:pig":7,"minecraft:zombie_villager":3,"tinyskeletons:baby_skeleton":4,"minecraft:zombie":20,"minecells:shieldbearer":6,"minecraft:cow":4,"minecells:mutated_bat":8,"minecells:undead_archer":3,"bewitchment:ghost":1,"adventurez:orc":2,"graveyard:ghoul":1,"minecells:runner":5,"minecraft:bat":1,"minecraft:enderman":1},"minecraft:killed_by":{"creeperoverhaul:jungle_creeper":1,"naturalist:hippo":1,"minecells:leaping_zombie":1},"minecraft:dropped":{"minecells:electric_whip":1,"minecraft:cornflower":2,"minecraft:jack_o_lantern":1,"minecraft:chain":31,"minecraft:dark_oak_planks":12,"minecraft:bone":6,"simplyswords:runic_tablet":3,"minecraft:cooked_chicken":4,"minecraft:birch_sapling":2,"minecraft:rotten_flesh":25,"simplyswords:arcanethyst":1,"beachparty:rubber_ring_axolotl":2,"supplementaries:ash":4,"modern_industrialization:raw_antimony":1,"minecraft:arrow":15,"minecraft:enchanted_book":1,"minecraft:iron_ingot":5,"minecraft:wheat_seeds":2,"minecraft:cobblestone":4,"minecraft:granite":12,"minecraft:coal":1,"minecraft:stick":4,"minecraft:golden_carrot":2,"regions_unexplored:dusktrap":1,"minecraft:string":32,"minecraft:acacia_planks":1,"twigs:rhyolite":3,"twigs:petrified_lichen":1,"minecraft:bowl":11,"minecraft:tuff":2,"simplyswords:dormant_relic":1,"promenade:asphalt":8,"minecraft:hay_block":1,"minecraft:shield":1,"minecraft:andesite":20,"minecraft:oak_sapling":11,"minecraft:stripped_acacia_log":1,"minecraft:stone_pickaxe":2,"minecraft:wooden_pickaxe":1,"simplyswords:iron_claymore":1}},"DataVersion":3465}