{"stats":{"minecraft:broken":{"minecraft:golden_chestplate":1},"minecraft:mined":{"minecells:corpse":1,"minecraft:dark_oak_log":1,"minecraft:basalt":6,"minecraft:jack_o_lantern":1,"minecraft:crafting_table":3,"minecraft:grass_block":8,"minecraft:chest":2,"minecells:alchemy_equipment_0":1,"minecraft:coal_block":5,"minecraft:cobblestone":5,"minecraft:oak_planks":1,"minecraft:sugar_cane":3,"minecraft:hay_block":1,"minecraft:birch_planks":7,"minecraft:lime_bed":1,"minecraft:fire":8,"treechop:chopped_log":4,"minecraft:grass":3,"minecraft:coal_ore":1,"minecells:wilted_wall_leaves":1,"minecraft:dirt":2,"minecraft:stripped_acacia_log":1,"minecells:hanged_skeleton":1,"minecraft:acacia_planks":1,"minecraft:stone":7,"minecraft:stone_bricks":2,"ad_astra:sky_stone":11,"minecraft:oak_leaves":4,"minecraft:fern":1},"minecraft:custom":{"minecraft:interact_with_furnace":9,"lootr:looted_stat":29,"minecraft:mob_kills":29,"minecraft:interact_with_crafting_table":13,"minecraft:eat_cake_slice":1,"minecraft:leave_game":3,"minecraft:time_since_death":4046,"minecraft:damage_resisted":0,"minecraft:sleep_in_bed":1,"minecraft:climb_one_cm":1987,"minecraft:hex":0,"minecraft:time_since_rest":4076,"minecraft:sprint_one_cm":244318,"minecraft:damage_taken":2480,"minecraft:walk_one_cm":131807,"minecraft:damage_blocked_by_shield":1128,"minecraft:drop":17,"minecraft:damage_dealt":4344,"minecraft:talked_to_villager":1,"minecraft:swim_one_cm":46559,"minecraft:fly_one_cm":241296,"minecraft:open_chest":24,"minecraft:crouch_one_cm":5214,"minecraft:play_time":60381,"minecraft:deaths":3,"minecraft:sneak_time":2200,"minecraft:walk_under_water_one_cm":2236,"minecraft:boat_one_cm":13257,"minecraft:jump":1043,"minecraft:walk_on_water_one_cm":7902,"minecraft:total_world_time":60381,"minecraft:fall_one_cm":23477},"minecraft:picked_up":{"minecraft:stripped_oak_log":1,"minecraft:lime_bed":1,"minecraft:crafting_table":3,"minecraft:feather":4,"minecraft:basalt":6,"minecraft:chicken":4,"minecraft:leather":5,"minecraft:brown_mushroom":1,"minecraft:birch_planks":7,"minecraft:enchanted_book":1,"minecraft:oak_log":8,"ad_astra:sky_stone":11,"minecraft:gunpowder":1,"minecraft:string":1,"minecraft:dirt":12,"minecraft:bone":7,"travelersbackpack:backpack_tank":2,"minecraft:acacia_planks":1,"minecraft:apple":1,"minecraft:beef":7,"minecraft:oak_boat":1,"fishofthieves:earthworms":3,"minecraft:sugar_cane":9,"twigs:twig":8,"minecraft:coal_block":5,"minecraft:chest":2,"minecraft:birch_sapling":2,"minecraft:egg":1,"minecraft:dark_oak_sapling":1,"minecells:guts":6,"minecraft:stick":3,"patchouli:guide_book":1,"minecells:monster_cell":5,"minecells:infected_flesh":4,"powah:book":1,"minecraft:porkchop":14,"simplyswords:iron_halberd":1,"minecraft:dark_oak_log":10,"minecells:electric_whip":1,"indrev:guide_book":1,"minecraft:stripped_acacia_log":1,"create:clipboard":2,"minecraft:arrow":3,"minecraft:rotten_flesh":17,"minecells:explosive_bulb":2,"minecraft:hay_block":1,"minecraft:jack_o_lantern":1,"minecraft:oak_sapling":11,"minecraft:coal":1,"minecraft:skeleton_skull":1,"minecraft:cobblestone":8},"minecraft:used":{"minecraft:stone_sword":42,"minecraft:stone_pickaxe":31,"minecraft:chest":4,"minecraft:wooden_pickaxe":10,"minecraft:shield":17,"minecraft:dirt":11,"paladins:holy_wand":4,"minecraft:lime_bed":1,"minecraft:crafting_table":4,"simplyswords:iron_halberd":28,"minecraft:white_bed":1,"farmersdelight:fried_rice":2,"minecraft:apple":1,"minecraft:bread":9,"ad_astra:sky_stone":8,"minecraft:stone_axe":46,"simplyswords:dormant_relic":38,"minecraft:oak_boat":1,"minecraft:cooked_beef":7},"minecraft:crafted":{"minecraft:cooked_beef":7,"techreborn:steel_ingot":27,"minecraft:oak_planks":32,"minecraft:coal":45,"minecraft:cooked_porkchop":7,"minecraft:crafting_table":1,"minecraft:wooden_pickaxe":1,"minecraft:stone_axe":1,"minecraft:air":0,"minecraft:oak_boat":1,"minecraft:white_wool":3,"minecraft:stick":8,"minecraft:stone_pickaxe":1,"minecraft:white_bed":1,"minecraft:chest":2,"minecraft:dark_oak_planks":8},"minecraft:killed":{"minecraft:pig":7,"minecells:undead_archer":2,"minecraft:skeleton":2,"minecraft:chicken":3,"minecells:shieldbearer":2,"minecells:leaping_zombie":6,"minecells:grenadier":3,"minecraft:cow":4},"minecraft:killed_by":{"minecells:leaping_zombie":1,"creeperoverhaul:jungle_creeper":1,"naturalist:hippo":1},"minecraft:dropped":{"minecraft:enchanted_book":1,"minecraft:birch_sapling":2,"minecraft:rotten_flesh":5,"minecells:electric_whip":1,"minecraft:coal":1,"minecraft:hay_block":1,"minecraft:oak_sapling":11,"minecraft:jack_o_lantern":1,"minecraft:stripped_acacia_log":1,"minecraft:arrow":2,"minecraft:wooden_pickaxe":1,"minecraft:acacia_planks":1}},"DataVersion":3465}