{"stats":{"minecraft:mined":{"minecraft:basalt":6,"minecraft:jack_o_lantern":1,"minecraft:crafting_table":2,"minecraft:grass_block":8,"minecraft:coal_block":5,"minecraft:cobblestone":2,"minecraft:sugar_cane":3,"minecraft:hay_block":1,"minecraft:fire":8,"treechop:chopped_log":2,"minecraft:grass":3,"minecraft:coal_ore":1,"minecraft:dirt":2,"minecraft:stripped_acacia_log":1,"minecraft:acacia_planks":1,"minecraft:stone":7,"minecraft:stone_bricks":2,"ad_astra:sky_stone":11,"minecraft:oak_leaves":4},"minecraft:custom":{"lootr:looted_stat":1,"minecraft:mob_kills":16,"minecraft:interact_with_crafting_table":5,"minecraft:leave_game":3,"minecraft:time_since_death":3354,"minecraft:climb_one_cm":1007,"minecraft:hex":0,"minecraft:time_since_rest":3379,"minecraft:sprint_one_cm":108953,"minecraft:damage_taken":757,"minecraft:walk_one_cm":30381,"minecraft:damage_blocked_by_shield":423,"minecraft:drop":6,"minecraft:damage_dealt":1635,"minecraft:swim_one_cm":41288,"minecraft:fly_one_cm":141186,"minecraft:crouch_one_cm":3438,"minecraft:play_time":24381,"minecraft:deaths":2,"minecraft:sneak_time":1468,"minecraft:walk_under_water_one_cm":1405,"minecraft:jump":614,"minecraft:walk_on_water_one_cm":4762,"minecraft:total_world_time":24381,"minecraft:fall_one_cm":15205},"minecraft:picked_up":{"minecraft:stripped_oak_log":1,"minecraft:crafting_table":2,"minecraft:feather":3,"minecraft:basalt":6,"minecraft:chicken":3,"minecraft:leather":5,"minecraft:oak_log":8,"ad_astra:sky_stone":11,"minecraft:dirt":10,"minecraft:bone":2,"minecraft:acacia_planks":1,"minecraft:apple":1,"minecraft:beef":7,"fishofthieves:earthworms":3,"minecraft:sugar_cane":9,"twigs:twig":8,"minecraft:coal_block":5,"minecraft:birch_sapling":2,"minecraft:egg":1,"minecraft:stick":3,"minecraft:porkchop":14,"minecraft:stripped_acacia_log":1,"minecraft:arrow":1,"minecraft:hay_block":1,"minecraft:jack_o_lantern":1,"minecraft:oak_sapling":11,"minecraft:coal":1,"minecraft:cobblestone":8},"minecraft:used":{"minecraft:stone_sword":38,"minecraft:stone_pickaxe":27,"minecraft:wooden_pickaxe":10,"minecraft:shield":9,"minecraft:dirt":10,"minecraft:crafting_table":1,"minecraft:apple":1,"minecraft:bread":6,"ad_astra:sky_stone":2,"minecraft:stone_axe":15},"minecraft:crafted":{"minecraft:oak_planks":16,"minecraft:wooden_pickaxe":1,"minecraft:stone_axe":1,"minecraft:stick":8,"minecraft:stone_pickaxe":1},"minecraft:killed":{"minecraft:pig":7,"minecraft:skeleton":2,"minecraft:chicken":3,"minecraft:cow":4},"minecraft:killed_by":{"creeperoverhaul:jungle_creeper":1,"naturalist:hippo":1},"minecraft:dropped":{"minecraft:birch_sapling":2,"minecraft:hay_block":1,"minecraft:oak_sapling":11,"minecraft:jack_o_lantern":1,"minecraft:stripped_acacia_log":1,"minecraft:acacia_planks":1}},"DataVersion":3465}