{"stats":{"minecraft:broken":{"minecraft:stone_pickaxe":2},"minecraft:mined":{"minecraft:white_bed":1,"minecraft:granite":2,"minecraft:grass_block":6,"minecells:prison_stone":2,"minecells:arrow_sign":1,"minecraft:furnace":2,"minecraft:iron_ore":8,"minecraft:fire":1,"treechop:chopped_log":4,"minecraft:anvil":1,"minecraft:stone":208,"minecells:small_prison_brick_slab":1,"minecraft:crafting_table":2,"minecells:skeleton":1,"minecraft:chest":2,"minecraft:tall_grass":2,"minecraft:cobblestone":2,"croptopia:blackbean_crop":1,"minecraft:lapis_ore":4,"croptopia:walnut_crop":7,"minecraft:grass":1,"minecraft:coal_ore":24,"minecraft:gravel":25,"minecraft:dirt":27,"minecraft:cobweb":1,"minecraft:oak_leaves":2},"minecraft:custom":{"lootr:looted_stat":50,"minecraft:interact_with_anvil":2,"minecraft:mob_kills":85,"minecraft:interact_with_crafting_table":36,"minecraft:damage_dealt_resisted":0,"minecraft:leave_game":1,"minecraft:time_since_death":23993,"minecraft:climb_one_cm":416,"minecraft:damage_resisted":0,"minecraft:sprint_one_cm":378371,"minecraft:walk_one_cm":343872,"minecraft:drop":75,"minecraft:play_time":117062,"minecraft:sneak_time":674,"minecraft:deaths":2,"minecraft:walk_under_water_one_cm":88,"minecraft:boat_one_cm":37632,"minecraft:jump":710,"minecraft:walk_on_water_one_cm":889,"minecraft:total_world_time":117062,"minecraft:interact_with_furnace":31,"minecraft:sleep_in_bed":4,"minecraft:hex":0,"minecraft:time_since_rest":9334,"minecraft:damage_taken":3354,"minecraft:damage_dealt":16520,"minecraft:swim_one_cm":1457,"minecraft:fly_one_cm":120407,"minecraft:open_chest":103,"minecraft:crouch_one_cm":1045,"minecraft:fall_one_cm":14725},"minecraft:picked_up":{"minecraft:charcoal":7,"minecraft:crafting_table":2,"minecraft:anvil":1,"minecraft:brown_mushroom":1,"minecraft:shield":3,"minecraft:string":1,"twigs:pebble":4,"minecraft:beef":10,"minecraft:iron_nugget":8,"minecraft:chest":2,"minecraft:birch_sapling":1,"minecraft:furnace":2,"minecraft:golden_helmet":2,"minecraft:dark_oak_sapling":4,"minecells:guts":11,"minecraft:stick":5,"minecraft:raw_iron":8,"minecraft:bowl":6,"croptopia:blackbean_seed":2,"minecells:monsters_eye":4,"ironchests:blank_chest_upgrade":1,"simplyswords:dormant_relic":1,"minecraft:dark_oak_planks":11,"simplyswords:diamond_warglaive":1,"minecraft:arrow":15,"minecraft:rotten_flesh":18,"create:clipboard":2,"minecraft:gold_ingot":1,"minecraft:skeleton_skull":1,"minecraft:white_wool":2,"minecraft:cobblestone":208,"minecraft:stripped_oak_log":1,"simplyswords:iron_katana":1,"minecraft:golden_carrot":1,"minecraft:leather":3,"minecraft:red_mushroom":8,"minecells:small_prison_brick_slab":1,"minecraft:flint":3,"simplyswords:iron_claymore":2,"minecraft:oak_log":30,"croptopia:walnut":7,"minecraft:gunpowder":4,"minecraft:lapis_lazuli":25,"minecraft:dirt":34,"minecells:health_flask":1,"minecraft:bone":3,"minecells:arrow_sign":1,"minecraft:apple":6,"ftbquests:book":1,"minecraft:cooked_chicken":4,"minecraft:stone_pickaxe":1,"minecraft:iron_ingot":5,"fishofthieves:earthworms":1,"twigs:twig":8,"spellbladenext:frost_claymore":1,"simplyswords:diamond_sai":1,"minecraft:cooked_porkchop":1,"minecells:prison_cobblestone":2,"patchouli:guide_book":2,"minecells:monster_cell":34,"minecells:infected_flesh":11,"minecraft:gravel":22,"minecraft:white_bed":1,"minecells:metal_shards":2,"minecraft:dark_oak_log":38,"minecells:explosive_bulb":5,"minecraft:granite":4,"minecraft:oak_sapling":33,"minecraft:coal":24},"minecraft:used":{"spellbladenext:frost_claymore":1,"minecraft:stone_sword":18,"minecraft:stone_shovel":50,"minecraft:chest":4,"minecraft:cooked_chicken":4,"minecraft:rotten_flesh":2,"minecraft:anvil":2,"minecraft:dirt":26,"simplyswords:diamond_sai":2,"minecells:monsters_eye":4,"simplyswords:diamond_scythe":3,"minecraft:birch_sapling":1,"minecells:blood_sword":1,"minecells:guts":18,"minecraft:bow":16,"minecraft:oak_sapling":3,"minecraft:furnace":4,"minecraft:cooked_beef":10,"minecraft:stone_pickaxe":248,"minecraft:wooden_pickaxe":12,"simplyswords:diamond_halberd":2,"minecells:arrow_sign":1,"simplyswords:diamond_warglaive":4,"minecraft:crafting_table":6,"simplyswords:iron_halberd":477,"minecraft:white_bed":2,"minecraft:bread":15,"minecraft:stone_axe":47,"minecraft:cobblestone":6,"minecraft:cooked_porkchop":1,"minecraft:oak_boat":1,"simplyswords:toxic_longsword":2,"minecraft:cobweb":1},"minecraft:crafted":{"minecraft:oak_planks":60,"minecraft:stone_shovel":1,"minecraft:iron_nugget":27,"indrev:steel_leggings":2,"minecraft:furnace":2,"indrev:steel_chestplate":2,"minecraft:bow":1,"minecraft:iron_axe":1,"minecraft:stone_pickaxe":3,"minecraft:chest":2,"minecraft:dark_oak_planks":76,"minecraft:cooked_beef":10,"techreborn:steel_ingot":27,"minecraft:cooked_porkchop":7,"minecraft:crafting_table":4,"mcdw:axe_axe":1,"minecraft:wooden_pickaxe":1,"minecraft:iron_helmet":1,"simplyswords:iron_halberd":3,"indrev:steel_boots":2,"minecraft:stone_axe":1,"minecraft:air":0,"minecraft:oak_boat":1,"minecraft:white_wool":3,"minecraft:charcoal":15,"minecraft:stick":36,"minecraft:iron_ingot":8,"minecraft:stone_sword":1,"minecraft:iron_block":3,"simplyswords:diamond_halberd":1,"minecraft:anvil":1,"minecraft:white_bed":1,"minecraft:torch":12,"indrev:steel_helmet":1},"minecraft:killed":{"minecells:mutated_bat":6,"minecells:undead_archer":12,"minecells:leaping_zombie":35,"minecells:protector":2,"minecells:grenadier":7,"minecells:runner":4,"minecraft:sheep":1,"minecells:shieldbearer":12,"minecraft:cow":6},"minecraft:killed_by":{"graveyard:ghoul":1,"minecells:leaping_zombie":1},"minecraft:dropped":{"minecraft:brown_mushroom":1,"minecraft:golden_helmet":3,"minecells:prison_cobblestone":2,"minecraft:cooked_porkchop":7,"spellbladenext:frost_claymore":2,"simplyswords:diamond_warglaive":1,"simplyswords:iron_halberd":2,"minecraft:red_mushroom":8,"minecraft:stick":3,"minecells:infected_flesh":9,"create:clipboard":2,"indrev:steel_boots":1,"minecells:metal_shards":1,"indrev:steel_leggings":1,"minecraft:paper":1,"twigs:twig":2,"minecraft:bone":3,"minecraft:stone_axe":1,"simplyswords:runic_tablet":4,"minecraft:stone_sword":1,"minecraft:bowl":7,"simplyswords:dormant_relic":1,"simplyswords:diamond_sai":1,"minecraft:rotten_flesh":9,"minecraft:oak_planks":1,"minecraft:stripped_oak_log":2,"patchouli:guide_book":1,"indrev:steel_chestplate":1,"minecraft:shield":5,"minecraft:gunpowder":2,"fishofthieves:earthworms":1,"minecraft:skeleton_skull":1,"croptopia:blackbean_seed":2,"minecells:small_prison_brick_slab":1,"minecraft:stone_pickaxe":1,"minecraft:wooden_pickaxe":1,"simplyswords:iron_claymore":1}},"DataVersion":3465}