{"stats":{"minecraft:broken":{"minecraft:stone_pickaxe":2},"minecraft:mined":{"minecraft:white_bed":1,"croptopia:grape_crop":1,"minecraft:obsidian":5,"minecraft:granite":2,"minecraft:grass_block":6,"minecells:arrow_sign":1,"minecraft:cobbled_deepslate":2,"minecells:prison_cobblestone_stairs":4,"minecraft:iron_ore":8,"minecells:prison_brick_stairs":1,"minecraft:fire":10,"minecraft:anvil":4,"regions_unexplored:silver_birch_leaves":1,"minecraft:enchanting_table":2,"minecells:prison_torch":2,"minecraft:oak_stairs":1,"minecraft:iron_bars":20,"minecells:small_prison_brick_slab":1,"minecells:prison_bricks":35,"minecraft:brown_mushroom":14,"minecells:putrid_planks":28,"minecells:skeleton":1,"minecraft:chest":23,"minecraft:mushroom_stem":2,"minecraft:cobblestone":2,"minecraft:oak_planks":10,"minecraft:chain":8,"minecraft:grass":6,"minecraft:sand":1,"minecraft:dirt":28,"minecraft:oak_leaves":3,"minecraft:dark_oak_leaves":4,"minecraft:candle":4,"minecells:putrid_trapdoor":14,"minecells:prison_cobblestone":89,"minecells:prison_brick_slab":3,"minecells:prison_stone":23,"create:ochrum":13,"minecraft:brown_mushroom_block":9,"minecraft:red_mushroom":31,"minecraft:furnace":3,"minecells:prison_cobblestone_wall":2,"treechop:chopped_log":8,"minecells:crate":15,"minecraft:peony":1,"minecraft:bookshelf":23,"minecells:cage":1,"croptopia:cashew_crop":1,"minecraft:stone":208,"minecraft:white_wool":1,"minecraft:crafting_table":3,"minecells:brittle_barrel":4,"minecraft:tall_grass":2,"croptopia:blackbean_crop":1,"minecraft:lapis_ore":4,"minecells:small_crate":16,"croptopia:walnut_crop":7,"minecraft:coarse_dirt":1,"techreborn:rubber_leaves":1,"minecraft:coal_ore":24,"minecraft:gravel":25,"minecraft:dripstone_block":26,"minecraft:cobweb":1,"minecraft:stone_bricks":4},"minecraft:custom":{"lootr:looted_stat":59,"minecraft:interact_with_crafting_table":54,"minecraft:leave_game":2,"minecraft:time_since_death":134940,"minecraft:damage_resisted":0,"minecraft:sprint_one_cm":989715,"minecraft:drop":278,"minecraft:talked_to_villager":1,"minecraft:play_time":300342,"minecraft:deaths":3,"minecraft:jump":2735,"minecraft:walk_on_water_one_cm":43364,"minecraft:enchant_item":4,"minecraft:interact_with_furnace":56,"minecraft:sleep_in_bed":4,"minecraft:damage_dealt":27411,"minecraft:crouch_one_cm":5587,"minecraft:interact_with_smithing_table":2,"minecraft:mob_kills":127,"minecraft:interact_with_anvil":3,"minecraft:damage_dealt_resisted":0,"minecraft:climb_one_cm":6696,"minecraft:walk_one_cm":580478,"minecraft:sneak_time":3586,"minecraft:walk_under_water_one_cm":41509,"minecraft:boat_one_cm":37632,"minecraft:total_world_time":300342,"minecraft:interact_with_stonecutter":1,"minecraft:hex":0,"minecraft:time_since_rest":135006,"minecraft:damage_taken":4923,"minecraft:swim_one_cm":104140,"minecraft:fly_one_cm":638812,"minecraft:open_chest":356,"minecraft:fall_one_cm":57927},"minecraft:picked_up":{"minecraft:iron_chestplate":1,"beachparty:rubber_ring_axolotl":1,"minecells:prison_cobblestone_stairs":16,"minecraft:anvil":4,"croptopia:grape_seed":4,"soulsweapons:moonstone":3,"minecraft:enchanted_book":63,"minecraft:string":55,"betternether:blue_obsidian":5,"minecraft:cobbled_deepslate":22,"travelersbackpack:enderman":1,"twigs:pebble":4,"minecraft:furnace":3,"minecraft:golden_helmet":2,"minecells:guts":11,"minecraft:stick":5,"travelersbackpack:diamond_tier_upgrade":1,"ironchests:blank_chest_upgrade":1,"minecells:balanced_blade":4,"simplyswords:dormant_relic":1,"mutantmonsters:hulk_hammer":1,"simplyswords:diamond_warglaive":1,"minecraft:stone_sword":2,"minecraft:rotten_flesh":53,"create:clipboard":2,"create:ochrum":20,"minecells:prison_cobblestone_wall":10,"supplementaries:quiver":2,"minecells:small_crate":68,"minecraft:obsidian":14,"minecraft:iron_bars":100,"minecraft:cobblestone":424,"minecraft:enchanting_table":2,"minecells:crate":65,"minecells:small_prison_brick_slab":1,"minecraft:flint":3,"croptopia:walnut":7,"minecraft:lapis_lazuli":115,"minecraft:dirt":37,"minecraft:name_tag":1,"minecraft:bone":6,"minecraft:wheat_seeds":2,"ftbquests:book":1,"fishofthieves:earthworms":1,"twigs:twig":9,"spellbladenext:frost_claymore":1,"simplyswords:diamond_sai":1,"minecraft:oak_planks":20,"minecraft:cooked_porkchop":1,"patchouli:guide_book":6,"minecells:prison_brick_slab":9,"minecells:metal_shards":12,"minecells:cudgel":6,"minecells:prison_brick_stairs":5,"minecraft:dark_oak_log":87,"techreborn:bauxite_ore":2,"simplyswords:diamond_claymore":1,"minecells:putrid_trapdoor":37,"minecells:explosive_bulb":23,"minecraft:granite":4,"minecraft:golden_apple":1,"spellbladenext:frost_blade":1,"soulsweapons:verglas":1,"minecraft:emerald":5,"bewitchment:ectoplasm":2,"indrev:nikolite_dust":27,"minecraft:oak_sapling":34,"croptopia:cashew":1,"simplyswords:iron_glaive":3,"minecraft:charcoal":7,"minecraft:coarse_dirt":1,"minecraft:crafting_table":3,"minecraft:splash_potion":1,"minecraft:chicken":1,"minecells:brittle_barrel":1,"minecraft:brown_mushroom":71,"minecraft:chain":24,"minecraft:shield":3,"graveyard:corruption":1,"simplyswords:runic_tablet":8,"minecraft:candle":2,"minecraft:beef":10,"minecraft:iron_nugget":40,"minecraft:chest":23,"minecraft:birch_sapling":1,"minecraft:dark_oak_sapling":7,"minecraft:raw_iron":12,"minecraft:bowl":10,"croptopia:blackbean_seed":2,"jewelry:jade":1,"minecells:monsters_eye":4,"simplyswords:diamond_longsword":5,"minecraft:carrot":2,"minecraft:dark_oak_planks":11,"croptopia:grape":1,"minecraft:arrow":21,"minecraft:peony":1,"minecraft:gold_ingot":170,"minecraft:skeleton_skull":1,"minecraft:white_wool":4,"minecraft:stripped_oak_log":1,"simplyswords:iron_katana":5,"minecraft:golden_carrot":1,"minecraft:leather":8,"minecraft:red_mushroom":84,"minecraft:birch_planks":35,"simplyswords:iron_claymore":2,"minecraft:oak_log":30,"minecraft:gunpowder":4,"minecells:cage":3,"minecraft:paper":102,"minecells:health_flask":1,"minecells:putrid_planks":7,"minecells:arrow_sign":1,"minecraft:apple":7,"minecraft:stone_bricks":3,"supplementaries:globe_sepia":1,"minecraft:cooked_chicken":4,"minecells:prison_torch":5,"minecraft:stone_pickaxe":1,"minecraft:iron_ingot":9,"minecells:prison_bricks":34,"minecraft:soul_sand":8,"minecraft:book":69,"minecells:prison_cobblestone":122,"minecells:monster_cell":76,"minecraft:dripstone_block":24,"minecells:infected_flesh":17,"minecraft:gravel":22,"powah:uraninite_raw":8,"minecraft:white_bed":1,"simplyswords:gold_rapier":5,"simplyswords:gold_halberd":4,"minecraft:iron_helmet":2,"paladins:holy_wand":3,"minecraft:coal":24,"minecells:blood_sword":6},"minecraft:used":{"spellbladenext:frost_claymore":1,"minecraft:chest":28,"minecraft:rotten_flesh":2,"simplyswords:diamond_sai":2,"beachparty:rubber_ring_axolotl":77,"minecraft:birch_sapling":1,"minecells:brittle_barrel":1,"minecraft:bow":44,"minecraft:oak_sapling":3,"minecraft:furnace":13,"minecraft:stone_pickaxe":249,"minecraft:wooden_pickaxe":12,"simplyswords:diamond_halberd":2,"minecraft:white_wool":1,"simplyswords:diamond_warglaive":5,"minecraft:mushroom_stew":28,"simplyswords:iron_halberd":745,"mcdw:axe_axe":154,"minecraft:bread":15,"minecraft:oak_boat":1,"simplyswords:toxic_longsword":2,"minecraft:cobweb":1,"minecraft:stone_sword":18,"minecraft:flint_and_steel":9,"minecraft:enchanting_table":3,"minecraft:stone_shovel":50,"minecraft:cooked_chicken":4,"minecraft:anvil":5,"minecraft:dirt":26,"minecells:monsters_eye":4,"minecraft:bookshelf":21,"supplementaries:globe_sepia":1,"simplyswords:diamond_scythe":3,"minecells:blood_sword":1,"minecells:guts":36,"minecraft:golden_carrot":4,"minecraft:cooked_beef":10,"minecraft:cobbled_deepslate":2,"minecells:prison_bricks":31,"indrev:steel_chestplate":76,"minecells:arrow_sign":1,"minecraft:crafting_table":7,"minecells:prison_stone":2,"minecraft:white_bed":2,"minecraft:diamond_pickaxe":248,"minecells:prison_cobblestone":43,"justhammers:stone_hammer":19,"minecraft:stone_axe":47,"minecells:prison_torch":4,"minecraft:cobblestone":23,"minecraft:cooked_porkchop":1},"minecraft:crafted":{"minecraft:oak_planks":60,"minecraft:bookshelf":21,"minecraft:bow":1,"minecraft:chest":4,"techreborn:steel_ingot":54,"minecraft:cooked_porkchop":7,"minecraft:crafting_table":4,"mcdw:axe_axe":1,"minecraft:wooden_pickaxe":1,"minecraft:iron_helmet":1,"minecells:prison_stone":59,"fishofthieves:cooked_pondie":2,"minecraft:book":1,"minecraft:charcoal":15,"minecraft:diamond_pickaxe":1,"minecraft:stick":40,"minecraft:iron_ingot":12,"minecraft:iron_pickaxe":1,"minecraft:iron_block":3,"minecraft:stone_sword":1,"simplyswords:diamond_halberd":1,"minecraft:stone_shovel":1,"minecraft:iron_nugget":27,"indrev:steel_leggings":2,"minecells:prison_bricks":4,"minecraft:furnace":10,"minecraft:mushroom_stew":70,"indrev:steel_chestplate":2,"minecraft:iron_axe":1,"techreborn:sapphire_helmet":1,"minecraft:stone_pickaxe":3,"minecraft:dark_oak_planks":272,"minecraft:cooked_beef":10,"minecraft:enchanting_table":1,"simplyswords:iron_halberd":3,"minecraft:bowl":84,"indrev:steel_boots":2,"minecraft:stone_axe":1,"minecraft:air":0,"minecraft:oak_boat":1,"minecraft:white_wool":3,"justhammers:stone_hammer":1,"minecraft:anvil":1,"minecraft:white_bed":1,"minecraft:torch":12,"indrev:steel_helmet":3},"minecraft:killed":{"minecraft:spider":3,"minecraft:skeleton":2,"minecraft:chicken":1,"minecells:leaping_zombie":35,"minecells:grenadier":7,"minecells:protector":2,"minecraft:zombie_villager":1,"minecraft:sheep":1,"minecraft:zombie":26,"minecells:shieldbearer":12,"minecraft:cow":6,"minecells:mutated_bat":6,"minecells:undead_archer":13,"bewitchment:ghost":1,"minecraft:drowned":2,"graveyard:ghoul":3,"minecells:runner":4},"minecraft:killed_by":{"graveyard:ghoul":1,"minecells:leaping_zombie":1},"minecraft:dropped":{"minecraft:soul_sand":8,"minecraft:candle":2,"minecraft:brown_mushroom":1,"minecraft:birch_planks":21,"simplyswords:iron_glaive":1,"paladins:holy_wand":1,"minecraft:cooked_porkchop":7,"minecells:blood_sword":4,"simplyswords:iron_halberd":2,"minecraft:red_mushroom":14,"minecells:prison_brick_stairs":2,"minecraft:dirt":3,"minecells:infected_flesh":15,"minecells:prison_cobblestone_stairs":12,"indrev:steel_boots":1,"indrev:steel_leggings":1,"minecraft:sugar":13,"minecraft:white_wool":1,"simplyswords:gold_rapier":3,"twigs:twig":3,"minecraft:gold_ingot":129,"minecraft:bone":4,"simplyswords:runic_tablet":8,"minecraft:stone_axe":2,"minecraft:iron_nugget":32,"simplyswords:iron_katana":3,"minecraft:cobbled_deepslate":8,"minecraft:obsidian":3,"minecells:putrid_planks":1,"minecraft:rotten_flesh":41,"minecraft:oak_planks":14,"patchouli:guide_book":4,"indrev:steel_chestplate":1,"minecells:cage":2,"supplementaries:ash":11,"minecells:prison_cobblestone_wall":8,"minecraft:gunpowder":2,"minecells:balanced_blade":3,"minecraft:skeleton_skull":2,"croptopia:blackbean_seed":2,"minecraft:iron_bars":80,"minecells:small_prison_brick_slab":1,"minecells:crate":30,"minecraft:splash_potion":1,"simplyswords:gold_halberd":3,"minecraft:enchanted_book":33,"minecraft:wheat_seeds":2,"betternether:blue_obsidian":5,"minecraft:golden_helmet":3,"minecells:prison_cobblestone":20,"minecraft:dripstone_block":24,"spellbladenext:frost_claymore":2,"tiered:limestone_chunk":33,"minecraft:iron_helmet":3,"minecraft:cobblestone":123,"minecraft:book":6,"minecells:small_crate":26,"simplyswords:diamond_warglaive":1,"minecraft:stick":7,"create:clipboard":2,"minecraft:diorite":21,"minecells:prison_bricks":4,"minecells:explosive_bulb":16,"minecells:metal_shards":11,"minecraft:paper":52,"minecraft:string":13,"minecraft:furnace":1,"create:ochrum":20,"minecraft:coarse_dirt":1,"minecraft:stone_sword":4,"minecraft:bowl":16,"simplyswords:dormant_relic":1,"minecraft:stone_shovel":1,"simplyswords:diamond_sai":1,"simplyswords:diamond_longsword":3,"minecraft:stripped_oak_log":2,"winterly:cryomarble_shard":2,"travelersbackpack:diamond_tier_upgrade":1,"minecraft:shield":5,"fishofthieves:earthworms":1,"adventurez:orc_skin":3,"minecraft:peony":1,"minecraft:oak_sapling":1,"minecraft:stone_bricks":3,"minecraft:stone_pickaxe":2,"minecells:cudgel":3,"minecraft:wooden_pickaxe":1,"simplyswords:iron_claymore":1}},"DataVersion":3465}