{"stats":{"minecraft:broken":{"minecraft:stone_pickaxe":2},"minecraft:mined":{"minecraft:crafting_table":2,"minecraft:granite":2,"minecraft:grass_block":6,"minecells:skeleton":1,"minecraft:chest":2,"minecells:prison_stone":2,"minecraft:tall_grass":1,"minecraft:cobblestone":2,"minecraft:lapis_ore":4,"minecells:arrow_sign":1,"minecraft:furnace":2,"minecraft:iron_ore":8,"treechop:chopped_log":4,"minecraft:coal_ore":24,"minecraft:gravel":25,"minecraft:dirt":27,"minecraft:cobweb":1,"minecraft:stone":208,"minecells:small_prison_brick_slab":1,"minecraft:oak_leaves":2},"minecraft:custom":{"lootr:looted_stat":49,"minecraft:interact_with_furnace":21,"minecraft:interact_with_anvil":1,"minecraft:mob_kills":73,"minecraft:interact_with_crafting_table":25,"minecraft:damage_dealt_resisted":0,"minecraft:time_since_death":84093,"minecraft:sleep_in_bed":2,"minecraft:climb_one_cm":416,"minecraft:damage_resisted":0,"minecraft:hex":0,"minecraft:time_since_rest":36511,"minecraft:sprint_one_cm":272048,"minecraft:damage_taken":1890,"minecraft:walk_one_cm":286410,"minecraft:drop":48,"minecraft:damage_dealt":14127,"minecraft:swim_one_cm":1457,"minecraft:fly_one_cm":56123,"minecraft:open_chest":39,"minecraft:crouch_one_cm":942,"minecraft:play_time":84093,"minecraft:sneak_time":598,"minecraft:walk_under_water_one_cm":88,"minecraft:boat_one_cm":37632,"minecraft:jump":457,"minecraft:walk_on_water_one_cm":277,"minecraft:total_world_time":84093,"minecraft:fall_one_cm":6798},"minecraft:picked_up":{"simplyswords:iron_katana":1,"minecraft:charcoal":7,"minecraft:crafting_table":2,"minecraft:golden_carrot":1,"minecraft:leather":3,"minecraft:brown_mushroom":1,"minecraft:flint":3,"minecells:small_prison_brick_slab":1,"minecraft:oak_log":30,"minecraft:shield":3,"minecraft:gunpowder":3,"minecraft:lapis_lazuli":25,"minecraft:string":1,"minecraft:dirt":34,"minecells:arrow_sign":1,"minecraft:bone":3,"minecraft:apple":6,"twigs:pebble":4,"ftbquests:book":1,"minecraft:iron_ingot":5,"minecraft:beef":10,"minecraft:stone_pickaxe":1,"fishofthieves:earthworms":1,"minecraft:iron_nugget":8,"twigs:twig":8,"minecraft:chest":2,"minecraft:birch_sapling":1,"minecraft:furnace":2,"minecells:guts":11,"minecraft:dark_oak_sapling":4,"minecraft:stick":5,"minecraft:raw_iron":8,"minecells:prison_cobblestone":2,"patchouli:guide_book":2,"minecraft:bowl":3,"minecells:monster_cell":27,"minecells:infected_flesh":8,"minecells:monsters_eye":4,"ironchests:blank_chest_upgrade":1,"minecraft:gravel":22,"minecells:metal_shards":1,"minecraft:dark_oak_log":38,"minecraft:arrow":15,"minecraft:rotten_flesh":14,"create:clipboard":2,"minecells:explosive_bulb":4,"minecraft:granite":4,"minecraft:gold_ingot":1,"minecraft:oak_sapling":33,"minecraft:coal":24,"minecraft:skeleton_skull":1,"minecraft:white_wool":2,"minecraft:cobblestone":208},"minecraft:used":{"minecraft:stone_sword":18,"minecraft:stone_shovel":50,"minecraft:stone_pickaxe":247,"minecraft:chest":4,"minecraft:wooden_pickaxe":12,"minecraft:dirt":26,"minecraft:anvil":1,"minecraft:crafting_table":6,"simplyswords:iron_halberd":415,"minecraft:white_bed":1,"minecells:monsters_eye":4,"minecraft:bread":12,"minecraft:birch_sapling":1,"minecells:blood_sword":1,"minecells:guts":7,"minecraft:stone_axe":47,"minecraft:cobblestone":6,"minecraft:bow":4,"minecraft:oak_sapling":3,"minecraft:furnace":4,"minecraft:oak_boat":1,"minecraft:cooked_beef":10,"minecraft:cobweb":1},"minecraft:crafted":{"minecraft:cooked_beef":10,"techreborn:steel_ingot":27,"minecraft:oak_planks":60,"minecraft:stone_shovel":1,"minecraft:crafting_table":4,"minecraft:iron_nugget":18,"minecraft:iron_helmet":1,"indrev:steel_leggings":1,"minecraft:wooden_pickaxe":1,"simplyswords:iron_halberd":2,"minecraft:furnace":2,"indrev:steel_boots":1,"indrev:steel_chestplate":1,"minecraft:stone_axe":1,"minecraft:air":0,"minecraft:oak_boat":1,"minecraft:bow":1,"minecraft:white_wool":3,"minecraft:charcoal":15,"minecraft:stick":28,"minecraft:iron_ingot":8,"minecraft:stone_pickaxe":3,"minecraft:iron_block":3,"minecraft:stone_sword":1,"minecraft:chest":2,"minecraft:anvil":1,"minecraft:white_bed":1,"minecraft:torch":12,"indrev:steel_helmet":1},"minecraft:killed":{"minecells:mutated_bat":5,"minecells:runner":3,"minecells:undead_archer":12,"minecraft:sheep":1,"minecells:protector":2,"minecells:shieldbearer":12,"minecells:leaping_zombie":26,"minecells:grenadier":6,"minecraft:cow":6},"minecraft:dropped":{"minecraft:stone_axe":1,"simplyswords:runic_tablet":3,"minecraft:brown_mushroom":1,"minecells:prison_cobblestone":2,"minecraft:stone_sword":1,"minecraft:bowl":4,"minecraft:rotten_flesh":9,"minecraft:oak_planks":1,"simplyswords:iron_halberd":1,"patchouli:guide_book":1,"minecraft:stick":3,"minecells:infected_flesh":6,"create:clipboard":2,"minecraft:shield":3,"minecraft:gunpowder":2,"fishofthieves:earthworms":1,"minecraft:skeleton_skull":1,"minecells:small_prison_brick_slab":1,"minecells:metal_shards":1,"minecraft:wooden_pickaxe":1,"minecraft:stone_pickaxe":1,"minecraft:paper":1,"minecraft:bone":3,"twigs:twig":2}},"DataVersion":3465}