{"stats":{"minecraft:broken":{"minecraft:stone_pickaxe":2},"minecraft:mined":{"minecraft:crafting_table":2,"minecraft:granite":2,"minecraft:grass_block":6,"minecraft:chest":2,"minecraft:cobblestone":2,"minecraft:lapis_ore":4,"minecraft:furnace":2,"minecraft:iron_ore":8,"treechop:chopped_log":4,"minecraft:coal_ore":24,"minecraft:dirt":26,"minecraft:stone":208,"minecraft:oak_leaves":2},"minecraft:custom":{"minecraft:interact_with_furnace":21,"minecraft:mob_kills":7,"minecraft:interact_with_crafting_table":9,"minecraft:time_since_death":36093,"minecraft:hex":0,"minecraft:time_since_rest":36093,"minecraft:sprint_one_cm":78894,"minecraft:damage_taken":80,"minecraft:walk_one_cm":51946,"minecraft:drop":12,"minecraft:damage_dealt":759,"minecraft:swim_one_cm":1457,"minecraft:fly_one_cm":20560,"minecraft:open_chest":12,"minecraft:crouch_one_cm":280,"minecraft:play_time":36093,"minecraft:sneak_time":372,"minecraft:walk_under_water_one_cm":88,"minecraft:boat_one_cm":37632,"minecraft:jump":261,"minecraft:walk_on_water_one_cm":277,"minecraft:total_world_time":36093,"minecraft:fall_one_cm":2357},"minecraft:picked_up":{"minecraft:charcoal":7,"minecraft:crafting_table":2,"minecraft:golden_carrot":1,"minecraft:leather":3,"minecraft:brown_mushroom":1,"minecraft:oak_log":30,"minecraft:shield":1,"minecraft:lapis_lazuli":25,"minecraft:dirt":32,"minecraft:apple":6,"ftbquests:book":1,"minecraft:beef":10,"minecraft:stone_pickaxe":1,"fishofthieves:earthworms":1,"twigs:twig":8,"minecraft:chest":2,"minecraft:birch_sapling":1,"minecraft:furnace":2,"minecraft:dark_oak_sapling":4,"minecraft:stick":1,"minecraft:raw_iron":8,"patchouli:guide_book":2,"ironchests:blank_chest_upgrade":1,"minecraft:dark_oak_log":38,"create:clipboard":2,"minecraft:granite":4,"minecraft:gold_ingot":1,"minecraft:oak_sapling":33,"minecraft:coal":24,"minecraft:white_wool":2,"minecraft:cobblestone":208},"minecraft:used":{"minecraft:stone_sword":18,"minecraft:stone_shovel":24,"minecraft:stone_pickaxe":241,"minecraft:chest":4,"minecraft:wooden_pickaxe":12,"minecraft:dirt":4,"minecraft:crafting_table":4,"simplyswords:iron_halberd":3,"minecraft:bread":4,"minecraft:birch_sapling":1,"minecraft:stone_axe":47,"minecraft:cobblestone":2,"minecraft:oak_sapling":3,"minecraft:furnace":4,"minecraft:oak_boat":1},"minecraft:crafted":{"minecraft:cooked_beef":10,"minecraft:oak_planks":60,"minecraft:stone_shovel":1,"minecraft:crafting_table":2,"minecraft:iron_nugget":9,"minecraft:wooden_pickaxe":1,"simplyswords:iron_halberd":1,"minecraft:furnace":2,"minecraft:stone_axe":1,"minecraft:air":0,"minecraft:oak_boat":1,"minecraft:charcoal":15,"minecraft:stick":24,"minecraft:iron_ingot":8,"minecraft:stone_pickaxe":3,"minecraft:stone_sword":1,"minecraft:chest":2,"minecraft:torch":12},"minecraft:killed":{"minecraft:sheep":1,"minecraft:cow":6},"minecraft:dropped":{"minecraft:brown_mushroom":1,"minecraft:stone_sword":1,"patchouli:guide_book":1,"minecraft:stick":3,"create:clipboard":2,"fishofthieves:earthworms":1,"minecraft:wooden_pickaxe":1,"minecraft:stone_pickaxe":1,"twigs:twig":2}},"DataVersion":3465}