{"stats":{"minecraft:broken":{"minecraft:stone_pickaxe":2},"minecraft:mined":{"minecraft:granite":2,"minecraft:grass_block":6,"minecells:prison_stone":2,"minecells:arrow_sign":1,"minecraft:furnace":2,"minecraft:iron_ore":8,"treechop:chopped_log":4,"minecraft:stone":208,"minecells:small_prison_brick_slab":1,"minecraft:crafting_table":2,"minecells:skeleton":1,"minecraft:chest":2,"minecraft:tall_grass":1,"minecraft:cobblestone":2,"croptopia:blackbean_crop":1,"minecraft:lapis_ore":4,"minecraft:coal_ore":24,"minecraft:dirt":27,"minecraft:gravel":25,"minecraft:cobweb":1,"minecraft:oak_leaves":2},"minecraft:custom":{"lootr:looted_stat":49,"minecraft:mob_kills":85,"minecraft:interact_with_anvil":1,"minecraft:interact_with_crafting_table":28,"minecraft:damage_dealt_resisted":0,"minecraft:time_since_death":3024,"minecraft:climb_one_cm":416,"minecraft:damage_resisted":0,"minecraft:sprint_one_cm":358810,"minecraft:walk_one_cm":317016,"minecraft:drop":56,"minecraft:play_time":96093,"minecraft:deaths":2,"minecraft:walk_under_water_one_cm":88,"minecraft:sneak_time":599,"minecraft:boat_one_cm":37632,"minecraft:jump":656,"minecraft:walk_on_water_one_cm":277,"minecraft:total_world_time":96093,"minecraft:interact_with_furnace":28,"minecraft:sleep_in_bed":2,"minecraft:hex":0,"minecraft:time_since_rest":3053,"minecraft:damage_taken":2797,"minecraft:damage_dealt":16227,"minecraft:swim_one_cm":1457,"minecraft:fly_one_cm":107218,"minecraft:open_chest":64,"minecraft:crouch_one_cm":942,"minecraft:fall_one_cm":12874},"minecraft:picked_up":{"minecraft:charcoal":7,"minecraft:crafting_table":2,"minecraft:brown_mushroom":1,"minecraft:shield":3,"minecraft:string":1,"twigs:pebble":4,"minecraft:beef":10,"minecraft:iron_nugget":8,"minecraft:chest":2,"minecraft:birch_sapling":1,"minecraft:furnace":2,"minecraft:dark_oak_sapling":4,"minecells:guts":11,"minecraft:stick":5,"minecraft:raw_iron":8,"croptopia:blackbean_seed":2,"minecraft:bowl":5,"minecells:monsters_eye":4,"ironchests:blank_chest_upgrade":1,"minecraft:arrow":15,"minecraft:rotten_flesh":18,"create:clipboard":2,"minecraft:gold_ingot":1,"minecraft:skeleton_skull":1,"minecraft:white_wool":2,"minecraft:cobblestone":208,"simplyswords:iron_katana":1,"minecraft:golden_carrot":1,"minecraft:leather":3,"minecells:small_prison_brick_slab":1,"minecraft:flint":3,"simplyswords:iron_claymore":1,"minecraft:oak_log":30,"minecraft:gunpowder":4,"minecraft:lapis_lazuli":25,"minecraft:dirt":34,"minecraft:bone":3,"minecells:arrow_sign":1,"minecraft:apple":6,"ftbquests:book":1,"minecraft:cooked_chicken":4,"minecraft:stone_pickaxe":1,"minecraft:iron_ingot":5,"fishofthieves:earthworms":1,"twigs:twig":8,"minecells:prison_cobblestone":2,"patchouli:guide_book":2,"minecells:monster_cell":34,"minecells:infected_flesh":11,"minecraft:gravel":22,"minecells:metal_shards":2,"minecraft:dark_oak_log":38,"minecells:explosive_bulb":5,"minecraft:granite":4,"minecraft:oak_sapling":33,"minecraft:coal":24},"minecraft:used":{"minecraft:stone_sword":18,"minecraft:stone_shovel":50,"minecraft:chest":4,"minecraft:rotten_flesh":2,"minecraft:dirt":26,"minecraft:anvil":1,"minecells:monsters_eye":4,"minecraft:birch_sapling":1,"minecells:blood_sword":1,"minecells:guts":18,"minecraft:bow":15,"minecraft:furnace":4,"minecraft:oak_sapling":3,"minecraft:cooked_beef":10,"minecraft:stone_pickaxe":247,"minecraft:wooden_pickaxe":12,"minecells:arrow_sign":1,"minecraft:crafting_table":6,"simplyswords:iron_halberd":475,"minecraft:white_bed":1,"minecraft:bread":14,"minecraft:stone_axe":47,"minecraft:cobblestone":6,"minecraft:oak_boat":1,"minecraft:cobweb":1},"minecraft:crafted":{"minecraft:oak_planks":60,"minecraft:stone_shovel":1,"minecraft:iron_nugget":27,"indrev:steel_leggings":1,"minecraft:furnace":2,"indrev:steel_chestplate":1,"minecraft:bow":1,"minecraft:stone_pickaxe":3,"minecraft:chest":2,"minecraft:dark_oak_planks":76,"minecraft:cooked_beef":10,"techreborn:steel_ingot":27,"minecraft:cooked_porkchop":7,"minecraft:crafting_table":4,"minecraft:wooden_pickaxe":1,"minecraft:iron_helmet":1,"simplyswords:iron_halberd":3,"indrev:steel_boots":1,"minecraft:stone_axe":1,"minecraft:air":0,"minecraft:oak_boat":1,"minecraft:white_wool":3,"minecraft:charcoal":15,"minecraft:stick":36,"minecraft:iron_ingot":8,"minecraft:iron_block":3,"minecraft:stone_sword":1,"minecraft:anvil":1,"minecraft:white_bed":1,"minecraft:torch":12,"indrev:steel_helmet":1},"minecraft:killed":{"minecells:mutated_bat":6,"minecells:undead_archer":12,"minecells:leaping_zombie":35,"minecells:protector":2,"minecells:grenadier":7,"minecells:runner":4,"minecraft:sheep":1,"minecells:shieldbearer":12,"minecraft:cow":6},"minecraft:killed_by":{"graveyard:ghoul":1,"minecells:leaping_zombie":1},"minecraft:dropped":{"minecraft:brown_mushroom":1,"minecells:prison_cobblestone":2,"minecraft:cooked_porkchop":7,"simplyswords:iron_halberd":2,"minecraft:stick":3,"create:clipboard":2,"minecells:infected_flesh":9,"minecells:metal_shards":1,"minecraft:paper":1,"twigs:twig":2,"minecraft:bone":3,"minecraft:stone_axe":1,"simplyswords:runic_tablet":3,"minecraft:stone_sword":1,"minecraft:bowl":6,"minecraft:rotten_flesh":9,"minecraft:oak_planks":1,"patchouli:guide_book":1,"minecraft:shield":3,"minecraft:gunpowder":2,"fishofthieves:earthworms":1,"minecraft:skeleton_skull":1,"croptopia:blackbean_seed":2,"minecells:small_prison_brick_slab":1,"minecraft:stone_pickaxe":1,"minecraft:wooden_pickaxe":1}},"DataVersion":3465}