{"stats":{"minecraft:broken":{"minecraft:stone_pickaxe":2},"minecraft:mined":{"minecraft:crafting_table":2,"minecraft:granite":2,"minecraft:grass_block":6,"minecells:skeleton":1,"minecraft:chest":2,"minecells:prison_stone":2,"minecraft:cobblestone":2,"minecraft:lapis_ore":4,"minecraft:furnace":2,"minecraft:iron_ore":8,"treechop:chopped_log":4,"minecraft:coal_ore":24,"minecraft:dirt":27,"minecraft:cobweb":1,"minecraft:stone":208,"minecells:small_prison_brick_slab":1,"minecraft:oak_leaves":2},"minecraft:custom":{"lootr:looted_stat":35,"minecraft:interact_with_furnace":21,"minecraft:interact_with_anvil":1,"minecraft:mob_kills":39,"minecraft:interact_with_crafting_table":24,"minecraft:damage_dealt_resisted":0,"minecraft:time_since_death":72093,"minecraft:sleep_in_bed":2,"minecraft:climb_one_cm":416,"minecraft:damage_resisted":0,"minecraft:hex":0,"minecraft:time_since_rest":24511,"minecraft:sprint_one_cm":204710,"minecraft:damage_taken":1083,"minecraft:walk_one_cm":219686,"minecraft:drop":45,"minecraft:damage_dealt":7882,"minecraft:swim_one_cm":1457,"minecraft:fly_one_cm":40282,"minecraft:open_chest":39,"minecraft:crouch_one_cm":942,"minecraft:play_time":72093,"minecraft:sneak_time":598,"minecraft:walk_under_water_one_cm":88,"minecraft:boat_one_cm":37632,"minecraft:jump":383,"minecraft:walk_on_water_one_cm":277,"minecraft:total_world_time":72093,"minecraft:fall_one_cm":5900},"minecraft:picked_up":{"simplyswords:iron_katana":1,"minecraft:charcoal":7,"minecraft:crafting_table":2,"minecraft:golden_carrot":1,"minecraft:leather":3,"minecraft:brown_mushroom":1,"minecells:small_prison_brick_slab":1,"minecraft:oak_log":30,"minecraft:shield":2,"minecraft:gunpowder":2,"minecraft:lapis_lazuli":25,"minecraft:string":1,"minecraft:dirt":34,"minecraft:bone":3,"minecraft:apple":6,"ftbquests:book":1,"minecraft:iron_ingot":5,"minecraft:beef":10,"minecraft:stone_pickaxe":1,"fishofthieves:earthworms":1,"minecraft:iron_nugget":8,"twigs:twig":8,"minecraft:chest":2,"minecraft:birch_sapling":1,"minecraft:furnace":2,"minecells:guts":6,"minecraft:dark_oak_sapling":4,"minecraft:stick":5,"minecraft:raw_iron":8,"minecells:prison_cobblestone":2,"patchouli:guide_book":2,"minecraft:bowl":2,"minecells:monster_cell":15,"minecells:infected_flesh":6,"minecells:monsters_eye":3,"ironchests:blank_chest_upgrade":1,"minecells:metal_shards":1,"minecraft:dark_oak_log":38,"minecraft:arrow":9,"minecraft:rotten_flesh":9,"create:clipboard":2,"minecells:explosive_bulb":3,"minecraft:granite":4,"minecraft:gold_ingot":1,"minecraft:oak_sapling":33,"minecraft:coal":24,"minecraft:skeleton_skull":1,"minecraft:white_wool":2,"minecraft:cobblestone":208},"minecraft:used":{"minecraft:stone_sword":18,"minecraft:stone_shovel":24,"minecraft:stone_pickaxe":246,"minecraft:chest":4,"minecraft:wooden_pickaxe":12,"minecraft:dirt":26,"minecraft:anvil":1,"minecraft:crafting_table":5,"simplyswords:iron_halberd":227,"minecraft:white_bed":1,"minecells:monsters_eye":1,"minecraft:bread":12,"minecraft:birch_sapling":1,"minecells:blood_sword":1,"minecraft:stone_axe":47,"minecraft:cobblestone":6,"minecraft:bow":4,"minecraft:oak_sapling":3,"minecraft:furnace":4,"minecraft:oak_boat":1,"minecraft:cooked_beef":7,"minecraft:cobweb":1},"minecraft:crafted":{"minecraft:cooked_beef":10,"techreborn:steel_ingot":27,"minecraft:oak_planks":60,"minecraft:stone_shovel":1,"minecraft:crafting_table":3,"minecraft:iron_nugget":18,"indrev:steel_leggings":1,"minecraft:wooden_pickaxe":1,"simplyswords:iron_halberd":2,"minecraft:furnace":2,"indrev:steel_boots":1,"indrev:steel_chestplate":1,"minecraft:stone_axe":1,"minecraft:air":0,"minecraft:oak_boat":1,"minecraft:bow":1,"minecraft:white_wool":3,"minecraft:charcoal":15,"minecraft:stick":28,"minecraft:iron_ingot":8,"minecraft:stone_pickaxe":3,"minecraft:iron_block":3,"minecraft:stone_sword":1,"minecraft:chest":2,"minecraft:anvil":1,"minecraft:white_bed":1,"minecraft:torch":12,"indrev:steel_helmet":1},"minecraft:killed":{"minecells:undead_archer":7,"minecraft:sheep":1,"minecells:shieldbearer":11,"minecells:leaping_zombie":11,"minecells:grenadier":3,"minecraft:cow":6},"minecraft:dropped":{"minecraft:stone_axe":1,"simplyswords:runic_tablet":3,"minecraft:brown_mushroom":1,"minecells:prison_cobblestone":2,"minecraft:stone_sword":1,"minecraft:bowl":3,"minecraft:rotten_flesh":9,"minecraft:oak_planks":1,"simplyswords:iron_halberd":1,"patchouli:guide_book":1,"minecraft:stick":3,"minecells:infected_flesh":5,"create:clipboard":2,"minecraft:shield":2,"minecraft:gunpowder":2,"fishofthieves:earthworms":1,"minecraft:skeleton_skull":1,"minecells:small_prison_brick_slab":1,"minecells:metal_shards":1,"minecraft:wooden_pickaxe":1,"minecraft:stone_pickaxe":1,"minecraft:paper":1,"minecraft:bone":3,"twigs:twig":2}},"DataVersion":3465}