{"stats":{"minecraft:broken":{"minecraft:stone_pickaxe":2},"minecraft:mined":{"minecraft:crafting_table":2,"minecraft:granite":2,"minecraft:grass_block":6,"minecells:skeleton":1,"minecraft:chest":2,"minecraft:cobblestone":2,"minecraft:lapis_ore":4,"minecraft:furnace":2,"minecraft:iron_ore":8,"treechop:chopped_log":4,"minecraft:coal_ore":24,"minecraft:dirt":26,"minecraft:cobweb":1,"minecraft:stone":208,"minecraft:oak_leaves":2},"minecraft:custom":{"lootr:looted_stat":10,"minecraft:interact_with_furnace":21,"minecraft:mob_kills":19,"minecraft:interact_with_crafting_table":13,"minecraft:damage_dealt_resisted":0,"minecraft:time_since_death":48093,"minecraft:sleep_in_bed":2,"minecraft:climb_one_cm":300,"minecraft:damage_resisted":0,"minecraft:hex":0,"minecraft:time_since_rest":511,"minecraft:sprint_one_cm":104506,"minecraft:damage_taken":396,"minecraft:walk_one_cm":116794,"minecraft:drop":20,"minecraft:damage_dealt":3698,"minecraft:swim_one_cm":1457,"minecraft:fly_one_cm":23499,"minecraft:open_chest":17,"minecraft:crouch_one_cm":280,"minecraft:play_time":48093,"minecraft:sneak_time":372,"minecraft:walk_under_water_one_cm":88,"minecraft:boat_one_cm":37632,"minecraft:jump":289,"minecraft:walk_on_water_one_cm":277,"minecraft:total_world_time":48093,"minecraft:fall_one_cm":3248},"minecraft:picked_up":{"minecraft:charcoal":7,"minecraft:crafting_table":2,"minecraft:golden_carrot":1,"minecraft:leather":3,"minecraft:brown_mushroom":1,"minecraft:oak_log":30,"minecraft:shield":1,"minecraft:lapis_lazuli":25,"minecraft:string":1,"minecraft:dirt":33,"minecraft:bone":3,"minecraft:apple":6,"ftbquests:book":1,"minecraft:beef":10,"minecraft:stone_pickaxe":1,"fishofthieves:earthworms":1,"twigs:twig":8,"minecraft:chest":2,"minecraft:birch_sapling":1,"minecraft:furnace":2,"minecells:guts":2,"minecraft:dark_oak_sapling":4,"minecraft:stick":1,"minecraft:raw_iron":8,"patchouli:guide_book":2,"minecells:monster_cell":5,"minecells:infected_flesh":3,"minecells:monsters_eye":2,"ironchests:blank_chest_upgrade":1,"minecraft:dark_oak_log":38,"minecraft:arrow":1,"minecraft:rotten_flesh":4,"create:clipboard":2,"minecells:explosive_bulb":1,"minecraft:granite":4,"minecraft:gold_ingot":1,"minecraft:oak_sapling":33,"minecraft:coal":24,"minecraft:skeleton_skull":1,"minecraft:white_wool":2,"minecraft:cobblestone":208},"minecraft:used":{"minecraft:stone_sword":18,"minecraft:stone_shovel":24,"minecraft:stone_pickaxe":243,"minecraft:chest":4,"minecraft:wooden_pickaxe":12,"minecraft:dirt":6,"minecraft:crafting_table":5,"simplyswords:iron_halberd":95,"minecraft:white_bed":1,"minecraft:bread":11,"minecraft:birch_sapling":1,"minecraft:stone_axe":47,"minecraft:cobblestone":2,"minecraft:oak_sapling":3,"minecraft:furnace":4,"minecraft:oak_boat":1,"minecraft:cobweb":1},"minecraft:crafted":{"minecraft:cooked_beef":10,"techreborn:steel_ingot":27,"minecraft:oak_planks":60,"minecraft:stone_shovel":1,"minecraft:crafting_table":3,"minecraft:iron_nugget":9,"indrev:steel_leggings":1,"minecraft:wooden_pickaxe":1,"simplyswords:iron_halberd":1,"minecraft:furnace":2,"indrev:steel_boots":1,"indrev:steel_chestplate":1,"minecraft:stone_axe":1,"minecraft:air":0,"minecraft:oak_boat":1,"minecraft:white_wool":3,"minecraft:charcoal":15,"minecraft:stick":24,"minecraft:iron_ingot":8,"minecraft:stone_pickaxe":3,"minecraft:stone_sword":1,"minecraft:chest":2,"minecraft:white_bed":1,"minecraft:torch":12,"indrev:steel_helmet":1},"minecraft:killed":{"minecells:undead_archer":2,"minecraft:sheep":1,"minecells:shieldbearer":3,"minecells:leaping_zombie":6,"minecells:grenadier":1,"minecraft:cow":6},"minecraft:dropped":{"minecraft:brown_mushroom":1,"minecraft:stone_sword":1,"minecraft:rotten_flesh":3,"simplyswords:iron_halberd":1,"patchouli:guide_book":1,"minecraft:stick":3,"minecells:infected_flesh":2,"create:clipboard":2,"fishofthieves:earthworms":1,"minecraft:skeleton_skull":1,"minecraft:wooden_pickaxe":1,"minecraft:stone_pickaxe":1,"minecraft:bone":3,"twigs:twig":2}},"DataVersion":3465}