{"stats":{"minecraft:broken":{"minecraft:stone_pickaxe":2},"minecraft:mined":{"minecraft:white_bed":1,"minecraft:dark_oak_leaves":4,"minecraft:candle":3,"croptopia:grape_crop":1,"minecells:putrid_trapdoor":14,"minecraft:obsidian":5,"minecraft:granite":2,"minecells:prison_cobblestone":80,"minecraft:grass_block":6,"minecells:prison_brick_slab":3,"minecells:prison_stone":22,"minecraft:brown_mushroom_block":9,"minecraft:red_mushroom":31,"minecells:arrow_sign":1,"minecraft:furnace":3,"minecraft:iron_ore":8,"minecells:prison_cobblestone_stairs":4,"minecells:prison_cobblestone_wall":2,"minecells:prison_brick_stairs":1,"minecraft:fire":1,"treechop:chopped_log":7,"minecraft:anvil":1,"minecells:crate":10,"minecraft:peony":1,"minecells:prison_torch":2,"minecraft:iron_bars":20,"minecells:cage":1,"croptopia:cashew_crop":1,"minecraft:stone":208,"minecraft:white_wool":1,"minecells:small_prison_brick_slab":1,"minecells:prison_bricks":29,"minecraft:brown_mushroom":14,"minecells:putrid_planks":28,"minecraft:crafting_table":3,"minecraft:chest":12,"minecells:skeleton":1,"minecraft:mushroom_stem":2,"minecraft:tall_grass":2,"croptopia:blackbean_crop":1,"minecraft:cobblestone":2,"minecells:brittle_barrel":4,"minecraft:lapis_ore":4,"minecraft:oak_planks":8,"minecells:small_crate":13,"minecraft:chain":8,"techreborn:rubber_leaves":1,"croptopia:walnut_crop":7,"minecraft:grass":5,"minecraft:coal_ore":24,"minecraft:gravel":25,"minecraft:dirt":28,"minecraft:sand":1,"minecraft:cobweb":1,"minecraft:oak_leaves":3},"minecraft:custom":{"lootr:looted_stat":51,"minecraft:interact_with_anvil":2,"minecraft:mob_kills":106,"minecraft:interact_with_crafting_table":46,"minecraft:damage_dealt_resisted":0,"minecraft:leave_game":1,"minecraft:time_since_death":41379,"minecraft:climb_one_cm":2005,"minecraft:damage_resisted":0,"minecraft:sprint_one_cm":645106,"minecraft:walk_one_cm":477151,"minecraft:drop":191,"minecraft:play_time":206781,"minecraft:sneak_time":2929,"minecraft:deaths":3,"minecraft:walk_under_water_one_cm":39457,"minecraft:boat_one_cm":37632,"minecraft:jump":1467,"minecraft:walk_on_water_one_cm":26421,"minecraft:total_world_time":206781,"minecraft:interact_with_furnace":46,"minecraft:interact_with_stonecutter":1,"minecraft:sleep_in_bed":4,"minecraft:hex":0,"minecraft:time_since_rest":41445,"minecraft:damage_taken":4336,"minecraft:damage_dealt":23572,"minecraft:swim_one_cm":31196,"minecraft:fly_one_cm":296151,"minecraft:open_chest":170,"minecraft:crouch_one_cm":4261,"minecraft:fall_one_cm":31724},"minecraft:picked_up":{"minecraft:charcoal":7,"simplyswords:iron_glaive":2,"minecraft:crafting_table":3,"beachparty:rubber_ring_axolotl":1,"croptopia:grape_seed":2,"minecraft:anvil":1,"minecells:brittle_barrel":1,"minecells:prison_cobblestone_stairs":16,"minecraft:brown_mushroom":71,"minecraft:enchanted_book":49,"minecraft:chain":24,"minecraft:shield":3,"minecraft:string":53,"betternether:blue_obsidian":5,"simplyswords:runic_tablet":8,"minecraft:cobbled_deepslate":12,"twigs:pebble":4,"minecraft:beef":10,"minecraft:iron_nugget":40,"minecraft:chest":12,"minecraft:birch_sapling":1,"minecraft:furnace":3,"minecraft:raw_iron":12,"minecraft:golden_helmet":2,"minecraft:dark_oak_sapling":4,"minecells:guts":11,"minecraft:stick":5,"minecraft:bowl":6,"croptopia:blackbean_seed":2,"minecells:monsters_eye":4,"ironchests:blank_chest_upgrade":1,"minecells:balanced_blade":3,"simplyswords:dormant_relic":1,"simplyswords:diamond_longsword":4,"minecraft:carrot":1,"minecraft:dark_oak_planks":11,"croptopia:grape":1,"simplyswords:diamond_warglaive":1,"minecraft:stone_sword":2,"minecraft:arrow":21,"minecraft:rotten_flesh":37,"create:clipboard":2,"minecraft:peony":1,"minecells:prison_cobblestone_wall":10,"minecraft:gold_ingot":169,"minecells:small_crate":65,"minecraft:obsidian":11,"minecraft:iron_bars":100,"minecraft:skeleton_skull":1,"minecraft:white_wool":4,"minecraft:cobblestone":360,"minecraft:stripped_oak_log":1,"simplyswords:iron_katana":4,"minecraft:golden_carrot":1,"minecraft:leather":7,"minecells:crate":40,"minecraft:red_mushroom":80,"minecraft:birch_planks":35,"minecraft:flint":3,"minecells:small_prison_brick_slab":1,"simplyswords:iron_claymore":2,"minecraft:oak_log":30,"croptopia:walnut":7,"minecraft:gunpowder":4,"minecells:cage":3,"minecraft:lapis_lazuli":25,"minecraft:dirt":37,"minecraft:paper":102,"minecells:health_flask":1,"minecells:putrid_planks":7,"minecraft:bone":6,"minecells:arrow_sign":1,"minecraft:apple":6,"minecraft:wheat_seeds":2,"ftbquests:book":1,"minecells:prison_torch":3,"minecraft:iron_ingot":5,"minecraft:stone_pickaxe":1,"minecraft:cooked_chicken":4,"minecells:prison_bricks":28,"fishofthieves:earthworms":1,"minecraft:soul_sand":8,"twigs:twig":8,"spellbladenext:frost_claymore":1,"simplyswords:diamond_sai":1,"minecraft:oak_planks":10,"minecraft:cooked_porkchop":1,"minecells:prison_cobblestone":102,"patchouli:guide_book":5,"minecells:monster_cell":76,"minecells:infected_flesh":13,"minecraft:gravel":22,"minecells:prison_brick_slab":9,"minecraft:white_bed":1,"simplyswords:gold_rapier":3,"minecells:metal_shards":4,"minecells:cudgel":5,"minecells:prison_brick_stairs":5,"minecraft:dark_oak_log":38,"simplyswords:gold_halberd":3,"minecells:putrid_trapdoor":37,"minecells:explosive_bulb":23,"paladins:holy_wand":2,"minecraft:granite":4,"minecraft:oak_sapling":33,"croptopia:cashew":1,"minecraft:coal":24,"minecells:blood_sword":5},"minecraft:used":{"spellbladenext:frost_claymore":1,"minecraft:stone_sword":18,"minecraft:stone_shovel":50,"minecraft:chest":15,"minecraft:cooked_chicken":4,"minecraft:rotten_flesh":2,"minecraft:anvil":2,"minecraft:dirt":26,"simplyswords:diamond_sai":2,"minecells:monsters_eye":4,"simplyswords:diamond_scythe":3,"beachparty:rubber_ring_axolotl":26,"minecraft:birch_sapling":1,"minecells:blood_sword":1,"minecells:guts":36,"minecraft:bow":36,"minecells:brittle_barrel":1,"minecraft:golden_carrot":4,"minecraft:oak_sapling":3,"minecraft:furnace":13,"minecraft:cooked_beef":10,"minecraft:stone_pickaxe":249,"minecells:prison_bricks":29,"minecraft:wooden_pickaxe":12,"indrev:steel_chestplate":26,"simplyswords:diamond_halberd":2,"minecraft:white_wool":1,"minecraft:mushroom_stew":6,"minecells:arrow_sign":1,"simplyswords:diamond_warglaive":5,"simplyswords:iron_halberd":631,"minecraft:crafting_table":7,"minecraft:white_bed":2,"mcdw:axe_axe":86,"minecraft:diamond_pickaxe":181,"minecraft:bread":15,"minecells:prison_cobblestone":41,"justhammers:stone_hammer":19,"minecraft:stone_axe":47,"minecraft:cobblestone":13,"minecells:prison_torch":3,"minecraft:cooked_porkchop":1,"minecraft:oak_boat":1,"simplyswords:toxic_longsword":2,"minecraft:cobweb":1},"minecraft:crafted":{"minecraft:oak_planks":60,"minecraft:stone_shovel":1,"minecraft:iron_nugget":27,"indrev:steel_leggings":2,"minecells:prison_bricks":4,"minecraft:furnace":10,"minecraft:mushroom_stew":70,"indrev:steel_chestplate":2,"minecraft:bow":1,"minecraft:iron_axe":1,"minecraft:stone_pickaxe":3,"minecraft:chest":3,"minecraft:dark_oak_planks":76,"minecraft:cooked_beef":10,"techreborn:steel_ingot":27,"minecraft:cooked_porkchop":7,"minecraft:crafting_table":4,"mcdw:axe_axe":1,"minecraft:wooden_pickaxe":1,"minecraft:iron_helmet":1,"simplyswords:iron_halberd":3,"minecraft:bowl":84,"minecells:prison_stone":59,"fishofthieves:cooked_pondie":2,"indrev:steel_boots":2,"minecraft:stone_axe":1,"minecraft:air":0,"minecraft:oak_boat":1,"minecraft:white_wool":3,"minecraft:diamond_pickaxe":1,"minecraft:charcoal":15,"justhammers:stone_hammer":1,"minecraft:stick":36,"minecraft:iron_ingot":12,"minecraft:iron_block":3,"minecraft:stone_sword":1,"simplyswords:diamond_halberd":1,"minecraft:anvil":1,"minecraft:white_bed":1,"minecraft:torch":12,"indrev:steel_helmet":1},"minecraft:killed":{"minecells:mutated_bat":6,"minecraft:spider":1,"minecells:undead_archer":13,"minecraft:skeleton":2,"minecraft:drowned":2,"minecells:leaping_zombie":35,"minecells:protector":2,"minecells:grenadier":7,"graveyard:ghoul":1,"minecells:runner":4,"minecraft:sheep":1,"minecraft:zombie":13,"minecells:shieldbearer":12,"minecraft:cow":6},"minecraft:killed_by":{"graveyard:ghoul":1,"minecells:leaping_zombie":1},"minecraft:dropped":{"minecraft:soul_sand":8,"minecraft:enchanted_book":33,"minecraft:brown_mushroom":1,"minecraft:birch_planks":21,"betternether:blue_obsidian":5,"minecraft:wheat_seeds":2,"simplyswords:iron_glaive":1,"minecraft:golden_helmet":3,"paladins:holy_wand":1,"minecells:prison_cobblestone":2,"minecraft:cooked_porkchop":7,"spellbladenext:frost_claymore":2,"minecraft:cobblestone":123,"minecells:blood_sword":4,"simplyswords:diamond_warglaive":1,"minecells:small_crate":26,"simplyswords:iron_halberd":2,"minecraft:red_mushroom":10,"minecells:prison_brick_stairs":2,"minecraft:stick":3,"minecraft:dirt":3,"minecells:infected_flesh":9,"create:clipboard":2,"minecells:prison_cobblestone_stairs":12,"indrev:steel_boots":1,"minecells:explosive_bulb":16,"minecells:metal_shards":3,"indrev:steel_leggings":1,"minecraft:paper":52,"minecraft:string":13,"minecraft:white_wool":1,"simplyswords:gold_rapier":3,"minecraft:gold_ingot":129,"twigs:twig":2,"minecraft:bone":3,"minecraft:stone_axe":1,"simplyswords:runic_tablet":8,"minecraft:iron_nugget":32,"minecraft:cobbled_deepslate":8,"simplyswords:iron_katana":3,"minecraft:stone_sword":2,"minecraft:bowl":10,"minecraft:obsidian":3,"simplyswords:dormant_relic":1,"minecells:putrid_planks":1,"simplyswords:diamond_sai":1,"minecraft:rotten_flesh":19,"simplyswords:diamond_longsword":3,"minecraft:oak_planks":2,"minecraft:stripped_oak_log":2,"patchouli:guide_book":4,"indrev:steel_chestplate":1,"minecells:cage":2,"minecells:prison_cobblestone_wall":8,"minecraft:shield":5,"minecraft:gunpowder":2,"fishofthieves:earthworms":1,"minecells:balanced_blade":3,"minecraft:peony":1,"minecraft:skeleton_skull":1,"croptopia:blackbean_seed":2,"minecraft:iron_bars":80,"minecells:small_prison_brick_slab":1,"minecells:cudgel":3,"minecraft:stone_pickaxe":1,"minecraft:wooden_pickaxe":1,"minecells:crate":30,"simplyswords:gold_halberd":3,"simplyswords:iron_claymore":1}},"DataVersion":3465}