{"stats":{"minecraft:broken":{"minecraft:stone_pickaxe":2},"minecraft:mined":{"minecraft:white_bed":1,"croptopia:grape_crop":1,"minecraft:obsidian":5,"minecraft:granite":2,"minecraft:grass_block":6,"minecells:arrow_sign":1,"minecraft:cobbled_deepslate":2,"minecells:prison_brick_stairs":1,"minecells:prison_cobblestone_stairs":4,"minecraft:iron_ore":8,"minecraft:fire":6,"minecraft:anvil":1,"minecells:prison_torch":2,"minecraft:iron_bars":20,"minecells:small_prison_brick_slab":1,"minecells:prison_bricks":29,"minecraft:brown_mushroom":14,"minecells:putrid_planks":28,"minecells:skeleton":1,"minecraft:chest":23,"minecraft:mushroom_stem":2,"minecraft:cobblestone":2,"minecraft:oak_planks":10,"minecraft:chain":8,"minecraft:grass":5,"minecraft:sand":1,"minecraft:dirt":28,"minecraft:oak_leaves":3,"minecraft:dark_oak_leaves":4,"minecraft:candle":3,"minecells:putrid_trapdoor":14,"minecells:prison_cobblestone":83,"minecells:prison_brick_slab":3,"minecells:prison_stone":23,"minecraft:brown_mushroom_block":9,"minecraft:red_mushroom":31,"minecraft:furnace":3,"minecells:prison_cobblestone_wall":2,"treechop:chopped_log":7,"minecells:crate":10,"minecraft:peony":1,"minecells:cage":1,"croptopia:cashew_crop":1,"minecraft:stone":208,"minecraft:white_wool":1,"minecraft:crafting_table":3,"minecells:brittle_barrel":4,"minecraft:tall_grass":2,"croptopia:blackbean_crop":1,"minecraft:lapis_ore":4,"minecells:small_crate":13,"croptopia:walnut_crop":7,"techreborn:rubber_leaves":1,"minecraft:coal_ore":24,"minecraft:gravel":25,"minecraft:cobweb":1},"minecraft:picked_up":{"beachparty:rubber_ring_axolotl":1,"minecells:prison_cobblestone_stairs":16,"minecraft:anvil":1,"croptopia:grape_seed":4,"soulsweapons:moonstone":3,"minecraft:enchanted_book":63,"minecraft:string":55,"betternether:blue_obsidian":5,"minecraft:cobbled_deepslate":22,"travelersbackpack:enderman":1,"twigs:pebble":4,"minecraft:furnace":3,"minecraft:golden_helmet":2,"minecells:guts":11,"minecraft:stick":5,"minecells:balanced_blade":4,"ironchests:blank_chest_upgrade":1,"travelersbackpack:diamond_tier_upgrade":1,"simplyswords:dormant_relic":1,"mutantmonsters:hulk_hammer":1,"simplyswords:diamond_warglaive":1,"minecraft:stone_sword":2,"minecraft:rotten_flesh":37,"create:clipboard":2,"minecells:prison_cobblestone_wall":10,"supplementaries:quiver":2,"minecells:small_crate":65,"minecraft:obsidian":14,"minecraft:iron_bars":100,"minecraft:cobblestone":424,"minecells:crate":60,"minecells:small_prison_brick_slab":1,"minecraft:flint":3,"croptopia:walnut":7,"minecraft:lapis_lazuli":51,"minecraft:dirt":37,"minecraft:name_tag":1,"minecraft:bone":6,"minecraft:wheat_seeds":2,"ftbquests:book":1,"fishofthieves:earthworms":1,"spellbladenext:frost_claymore":1,"twigs:twig":8,"simplyswords:diamond_sai":1,"minecraft:oak_planks":20,"minecraft:cooked_porkchop":1,"patchouli:guide_book":6,"minecells:prison_brick_slab":9,"minecells:metal_shards":12,"minecells:cudgel":6,"minecells:prison_brick_stairs":5,"minecraft:dark_oak_log":38,"techreborn:bauxite_ore":2,"simplyswords:diamond_claymore":1,"minecells:putrid_trapdoor":37,"minecells:explosive_bulb":23,"minecraft:granite":4,"minecraft:golden_apple":1,"spellbladenext:frost_blade":1,"soulsweapons:verglas":1,"minecraft:emerald":5,"minecraft:oak_sapling":33,"indrev:nikolite_dust":27,"croptopia:cashew":1,"minecraft:charcoal":7,"minecraft:crafting_table":3,"simplyswords:iron_glaive":3,"minecells:brittle_barrel":1,"minecraft:brown_mushroom":71,"minecraft:chain":24,"minecraft:shield":3,"simplyswords:runic_tablet":8,"minecraft:beef":10,"minecraft:iron_nugget":40,"minecraft:chest":23,"minecraft:birch_sapling":1,"minecraft:dark_oak_sapling":4,"minecraft:raw_iron":12,"minecraft:bowl":10,"croptopia:blackbean_seed":2,"jewelry:jade":1,"minecells:monsters_eye":4,"minecraft:carrot":1,"simplyswords:diamond_longsword":5,"minecraft:dark_oak_planks":11,"croptopia:grape":1,"minecraft:arrow":21,"minecraft:peony":1,"minecraft:gold_ingot":170,"minecraft:skeleton_skull":1,"minecraft:white_wool":4,"minecraft:stripped_oak_log":1,"simplyswords:iron_katana":5,"minecraft:golden_carrot":1,"minecraft:leather":8,"minecraft:red_mushroom":84,"minecraft:birch_planks":35,"simplyswords:iron_claymore":2,"minecraft:oak_log":30,"minecraft:gunpowder":4,"minecells:cage":3,"minecells:health_flask":1,"minecraft:paper":102,"minecells:putrid_planks":7,"minecells:arrow_sign":1,"minecraft:apple":6,"supplementaries:globe_sepia":1,"minecraft:cooked_chicken":4,"minecells:prison_torch":3,"minecraft:stone_pickaxe":1,"minecraft:iron_ingot":9,"minecells:prison_bricks":28,"minecraft:soul_sand":8,"minecells:prison_cobblestone":112,"minecells:monster_cell":76,"minecells:infected_flesh":17,"minecraft:gravel":22,"powah:uraninite_raw":8,"minecraft:white_bed":1,"simplyswords:gold_rapier":5,"simplyswords:gold_halberd":4,"paladins:holy_wand":3,"minecraft:coal":24,"minecells:blood_sword":6},"minecraft:custom":{"lootr:looted_stat":51,"minecraft:interact_with_crafting_table":51,"minecraft:leave_game":1,"minecraft:time_since_death":77379,"minecraft:damage_resisted":0,"minecraft:sprint_one_cm":739976,"minecraft:drop":244,"minecraft:play_time":242781,"minecraft:deaths":3,"minecraft:jump":1728,"minecraft:walk_on_water_one_cm":26421,"minecraft:interact_with_furnace":47,"minecraft:sleep_in_bed":4,"minecraft:damage_dealt":23725,"minecraft:crouch_one_cm":4263,"minecraft:interact_with_smithing_table":2,"minecraft:mob_kills":106,"minecraft:interact_with_anvil":2,"minecraft:damage_dealt_resisted":0,"minecraft:climb_one_cm":2005,"minecraft:walk_one_cm":511879,"minecraft:sneak_time":3070,"minecraft:walk_under_water_one_cm":39457,"minecraft:boat_one_cm":37632,"minecraft:total_world_time":242781,"minecraft:interact_with_stonecutter":1,"minecraft:hex":0,"minecraft:time_since_rest":77445,"minecraft:damage_taken":4514,"minecraft:swim_one_cm":31196,"minecraft:fly_one_cm":380820,"minecraft:open_chest":310,"minecraft:fall_one_cm":34431},"minecraft:used":{"spellbladenext:frost_claymore":1,"minecraft:chest":28,"minecraft:rotten_flesh":2,"simplyswords:diamond_sai":2,"beachparty:rubber_ring_axolotl":47,"minecraft:birch_sapling":1,"minecells:brittle_barrel":1,"minecraft:bow":36,"minecraft:furnace":13,"minecraft:oak_sapling":3,"minecraft:stone_pickaxe":249,"minecraft:wooden_pickaxe":12,"simplyswords:diamond_halberd":2,"minecraft:white_wool":1,"simplyswords:diamond_warglaive":5,"minecraft:mushroom_stew":11,"simplyswords:iron_halberd":636,"mcdw:axe_axe":99,"minecraft:bread":15,"minecraft:oak_boat":1,"simplyswords:toxic_longsword":2,"minecraft:cobweb":1,"minecraft:stone_sword":18,"minecraft:flint_and_steel":5,"minecraft:stone_shovel":50,"minecraft:cooked_chicken":4,"minecraft:dirt":26,"minecraft:anvil":2,"minecells:monsters_eye":4,"supplementaries:globe_sepia":1,"simplyswords:diamond_scythe":3,"minecells:blood_sword":1,"minecells:guts":36,"minecraft:golden_carrot":4,"minecraft:cooked_beef":10,"minecraft:cobbled_deepslate":2,"minecells:prison_bricks":29,"indrev:steel_chestplate":46,"minecells:arrow_sign":1,"minecraft:crafting_table":7,"minecells:prison_stone":2,"minecraft:white_bed":2,"minecraft:diamond_pickaxe":187,"minecells:prison_cobblestone":41,"justhammers:stone_hammer":19,"minecraft:stone_axe":47,"minecells:prison_torch":3,"minecraft:cobblestone":13,"minecraft:cooked_porkchop":1},"minecraft:crafted":{"minecraft:oak_planks":60,"minecraft:bow":1,"minecraft:chest":4,"techreborn:steel_ingot":54,"minecraft:cooked_porkchop":7,"minecraft:crafting_table":4,"mcdw:axe_axe":1,"minecraft:wooden_pickaxe":1,"minecraft:iron_helmet":1,"minecells:prison_stone":59,"fishofthieves:cooked_pondie":2,"minecraft:book":1,"minecraft:charcoal":15,"minecraft:diamond_pickaxe":1,"minecraft:stick":36,"minecraft:iron_ingot":12,"minecraft:iron_block":3,"minecraft:stone_sword":1,"simplyswords:diamond_halberd":1,"minecraft:stone_shovel":1,"minecraft:iron_nugget":27,"indrev:steel_leggings":2,"minecells:prison_bricks":4,"minecraft:furnace":10,"minecraft:mushroom_stew":70,"indrev:steel_chestplate":2,"minecraft:iron_axe":1,"minecraft:stone_pickaxe":3,"minecraft:dark_oak_planks":76,"minecraft:cooked_beef":10,"minecraft:enchanting_table":1,"simplyswords:iron_halberd":3,"minecraft:bowl":84,"indrev:steel_boots":2,"minecraft:stone_axe":1,"minecraft:air":0,"minecraft:oak_boat":1,"minecraft:white_wool":3,"justhammers:stone_hammer":1,"minecraft:anvil":1,"minecraft:white_bed":1,"minecraft:torch":12,"indrev:steel_helmet":3},"minecraft:killed":{"minecraft:spider":1,"minecraft:skeleton":2,"minecells:leaping_zombie":35,"minecells:protector":2,"minecells:grenadier":7,"minecraft:sheep":1,"minecraft:zombie":13,"minecells:shieldbearer":12,"minecraft:cow":6,"minecells:mutated_bat":6,"minecells:undead_archer":13,"minecraft:drowned":2,"graveyard:ghoul":1,"minecells:runner":4},"minecraft:killed_by":{"graveyard:ghoul":1,"minecells:leaping_zombie":1},"minecraft:dropped":{"minecraft:soul_sand":8,"minecraft:brown_mushroom":1,"minecraft:birch_planks":21,"paladins:holy_wand":1,"simplyswords:iron_glaive":1,"minecraft:cooked_porkchop":7,"minecells:blood_sword":4,"simplyswords:iron_halberd":2,"minecraft:red_mushroom":14,"minecells:prison_brick_stairs":2,"minecraft:dirt":3,"minecells:infected_flesh":15,"minecells:prison_cobblestone_stairs":12,"indrev:steel_boots":1,"indrev:steel_leggings":1,"minecraft:sugar":13,"minecraft:white_wool":1,"simplyswords:gold_rapier":3,"twigs:twig":2,"minecraft:gold_ingot":129,"minecraft:bone":4,"simplyswords:runic_tablet":8,"minecraft:stone_axe":2,"minecraft:iron_nugget":32,"simplyswords:iron_katana":3,"minecraft:cobbled_deepslate":8,"minecraft:obsidian":3,"minecells:putrid_planks":1,"minecraft:rotten_flesh":25,"minecraft:oak_planks":14,"patchouli:guide_book":4,"indrev:steel_chestplate":1,"minecells:cage":2,"supplementaries:ash":11,"minecells:prison_cobblestone_wall":8,"minecraft:gunpowder":2,"minecells:balanced_blade":3,"minecraft:skeleton_skull":2,"croptopia:blackbean_seed":2,"minecraft:iron_bars":80,"minecells:small_prison_brick_slab":1,"minecells:crate":30,"simplyswords:gold_halberd":3,"minecraft:enchanted_book":33,"minecraft:wheat_seeds":2,"betternether:blue_obsidian":5,"minecraft:golden_helmet":3,"minecells:prison_cobblestone":12,"spellbladenext:frost_claymore":2,"tiered:limestone_chunk":33,"minecraft:iron_helmet":1,"minecraft:cobblestone":123,"simplyswords:diamond_warglaive":1,"minecells:small_crate":26,"minecraft:stick":7,"create:clipboard":2,"minecraft:diorite":21,"minecells:explosive_bulb":16,"minecells:metal_shards":11,"minecraft:paper":52,"minecraft:string":13,"minecraft:furnace":1,"minecraft:stone_sword":4,"minecraft:bowl":16,"simplyswords:dormant_relic":1,"minecraft:stone_shovel":1,"simplyswords:diamond_sai":1,"simplyswords:diamond_longsword":3,"minecraft:stripped_oak_log":2,"winterly:cryomarble_shard":2,"travelersbackpack:diamond_tier_upgrade":1,"minecraft:shield":5,"fishofthieves:earthworms":1,"adventurez:orc_skin":3,"minecraft:peony":1,"minecells:cudgel":3,"minecraft:stone_pickaxe":2,"minecraft:wooden_pickaxe":1,"simplyswords:iron_claymore":1}},"DataVersion":3465}