{"stats":{"minecraft:mined":{"treechop:chopped_log":2,"minecraft:grass_block":6,"minecraft:dirt":19,"minecraft:stone":25,"minecraft:oak_leaves":1},"minecraft:picked_up":{"minecraft:leather":1,"minecraft:oak_log":15,"minecraft:dirt":25,"minecraft:apple":1,"minecraft:beef":9,"fishofthieves:earthworms":1,"minecraft:oak_sapling":11,"twigs:twig":2,"minecraft:birch_sapling":1,"minecraft:cobblestone":25},"minecraft:custom":{"minecraft:time_since_rest":12093,"minecraft:sprint_one_cm":33678,"minecraft:damage_taken":50,"minecraft:walk_one_cm":18974,"minecraft:mob_kills":5,"minecraft:drop":7,"minecraft:damage_dealt":500,"minecraft:interact_with_crafting_table":3,"minecraft:fly_one_cm":9282,"minecraft:play_time":12093,"minecraft:jump":75,"minecraft:time_since_death":12093,"minecraft:total_world_time":12093,"minecraft:hex":0,"minecraft:fall_one_cm":1730},"minecraft:used":{"minecraft:stone_sword":14,"minecraft:stone_pickaxe":16,"minecraft:stone_shovel":17,"minecraft:bread":2,"minecraft:birch_sapling":1,"minecraft:wooden_pickaxe":12,"minecraft:stone_axe":12,"minecraft:crafting_table":2,"minecraft:oak_sapling":3},"minecraft:crafted":{"minecraft:oak_planks":60,"minecraft:stone_shovel":1,"minecraft:crafting_table":2,"minecraft:stick":12,"minecraft:wooden_pickaxe":1,"minecraft:stone_pickaxe":1,"minecraft:stone_sword":1,"minecraft:furnace":2,"minecraft:stone_axe":1},"minecraft:killed":{"minecraft:cow":5},"minecraft:dropped":{"fishofthieves:earthworms":1,"minecraft:stone_sword":1,"minecraft:wooden_pickaxe":1,"twigs:twig":2,"minecraft:stick":3}},"DataVersion":3465}