{"stats":{"minecraft:broken":{"minecraft:stone_pickaxe":2},"minecraft:mined":{"treechop:chopped_log":4,"minecraft:granite":2,"minecraft:grass_block":6,"minecraft:coal_ore":24,"minecraft:dirt":26,"minecraft:cobblestone":1,"minecraft:lapis_ore":4,"minecraft:stone":170,"minecraft:oak_leaves":1},"minecraft:picked_up":{"minecraft:leather":3,"minecraft:oak_log":30,"minecraft:lapis_lazuli":25,"minecraft:dirt":32,"minecraft:apple":3,"minecraft:granite":2,"minecraft:beef":10,"minecraft:stone_pickaxe":1,"fishofthieves:earthworms":1,"minecraft:coal":24,"minecraft:oak_sapling":18,"twigs:twig":5,"minecraft:birch_sapling":1,"minecraft:white_wool":1,"minecraft:cobblestone":170},"minecraft:custom":{"minecraft:time_since_rest":24093,"minecraft:interact_with_furnace":17,"minecraft:sprint_one_cm":50724,"minecraft:damage_taken":50,"minecraft:walk_one_cm":36251,"minecraft:mob_kills":7,"minecraft:drop":8,"minecraft:damage_dealt":715,"minecraft:interact_with_crafting_table":7,"minecraft:fly_one_cm":10901,"minecraft:open_chest":1,"minecraft:crouch_one_cm":53,"minecraft:play_time":24093,"minecraft:sneak_time":151,"minecraft:jump":153,"minecraft:time_since_death":24093,"minecraft:total_world_time":24093,"minecraft:hex":0,"minecraft:fall_one_cm":1939},"minecraft:used":{"minecraft:stone_sword":18,"minecraft:stone_pickaxe":192,"minecraft:stone_shovel":24,"minecraft:bread":2,"minecraft:birch_sapling":1,"minecraft:chest":2,"minecraft:wooden_pickaxe":12,"minecraft:stone_axe":27,"minecraft:cobblestone":2,"minecraft:crafting_table":2,"minecraft:furnace":2,"minecraft:oak_sapling":3},"minecraft:crafted":{"minecraft:cooked_beef":10,"minecraft:oak_planks":60,"minecraft:stone_shovel":1,"minecraft:charcoal":15,"minecraft:crafting_table":2,"minecraft:stick":20,"minecraft:wooden_pickaxe":1,"minecraft:stone_pickaxe":3,"minecraft:stone_sword":1,"minecraft:chest":2,"minecraft:furnace":2,"minecraft:torch":12,"minecraft:stone_axe":1,"minecraft:air":0},"minecraft:killed":{"minecraft:sheep":1,"minecraft:cow":6},"minecraft:dropped":{"fishofthieves:earthworms":1,"minecraft:stone_sword":1,"minecraft:stone_pickaxe":1,"minecraft:wooden_pickaxe":1,"twigs:twig":2,"minecraft:stick":3}},"DataVersion":3465}