{"stats":{"minecraft:mined":{"minecells:kings_crest_flag":1,"minecraft:crafting_table":3,"minecraft:grass_block":4,"minecells:rotting_corpse":1,"minecraft:grindstone":1,"minecells:broken_cage":1,"minecraft:furnace":3,"minecraft:fire":1,"minecraft:birch_leaves":1,"treechop:chopped_log":6,"minecells:prison_torch":1,"minecells:wilted_wall_leaves":1,"minecraft:dirt":5,"croptopia:cashew_crop":2,"minecraft:stone":45,"minecraft:oak_leaves":2},"minecraft:custom":{"lootr:looted_stat":2,"minecraft:interact_with_furnace":20,"minecraft:mob_kills":18,"minecraft:interact_with_crafting_table":9,"minecraft:damage_dealt_resisted":0,"minecraft:interact_with_grindstone":1,"minecraft:leave_game":1,"minecraft:time_since_death":7207,"minecraft:climb_one_cm":214,"minecraft:hex":0,"minecraft:time_since_rest":7252,"minecraft:sprint_one_cm":134903,"minecraft:damage_taken":773,"minecraft:walk_one_cm":90824,"minecraft:damage_blocked_by_shield":365,"minecraft:drop":31,"minecraft:damage_dealt":2207,"minecraft:swim_one_cm":20433,"minecraft:fly_one_cm":64120,"minecraft:open_chest":11,"minecraft:crouch_one_cm":3106,"minecraft:play_time":48137,"minecraft:deaths":1,"minecraft:sneak_time":1432,"minecraft:walk_under_water_one_cm":3637,"minecraft:boat_one_cm":47204,"minecraft:jump":450,"minecraft:walk_on_water_one_cm":3746,"minecraft:total_world_time":48137,"minecraft:fall_one_cm":10317},"minecraft:picked_up":{"minecraft:wooden_axe":2,"minecraft:birch_log":12,"minecraft:crafting_table":3,"minecraft:feather":1,"minecraft:chicken":1,"minecraft:leather":2,"minecraft:brown_mushroom":5,"minecraft:red_mushroom":20,"minecraft:birch_planks":30,"minecraft:oak_log":20,"minecraft:dirt":7,"minecraft:string":2,"minecraft:apple":1,"minecells:kings_crest_flag":1,"minecells:prison_torch":1,"minecraft:beef":5,"twigs:twig":14,"minecraft:birch_sapling":5,"minecraft:oak_planks":62,"minecraft:furnace":3,"minecraft:egg":1,"minecraft:cooked_porkchop":2,"patchouli:guide_book":1,"minecells:monster_cell":1,"fishofthieves:pondie":2,"minecraft:porkchop":16,"minecraft:arrow":1,"create:clipboard":2,"minecraft:rotten_flesh":9,"frostiful:wolf_fur_tuft":4,"minecraft:oak_sapling":6,"croptopia:cashew":6,"minecraft:cobblestone":45},"minecraft:used":{"create:clipboard":2,"minecraft:stone_sword":44,"minecraft:stone_pickaxe":51,"minecraft:oak_planks":13,"minecraft:birch_boat":2,"minecraft:shield":8,"minecraft:wooden_pickaxe":7,"minecraft:golden_apple":1,"minecraft:dirt":2,"minecraft:crafting_table":5,"minecraft:wooden_axe":30,"minecraft:apple":1,"minecraft:bread":7,"minecells:kings_crest_flag":1,"minecraft:stone_axe":13,"minecells:prison_torch":1,"minecraft:furnace":4,"minecraft:egg":1},"minecraft:crafted":{"minecraft:cooked_beef":5,"minecraft:oak_planks":80,"minecraft:cooked_porkchop":12,"minecraft:crafting_table":3,"minecraft:wooden_pickaxe":1,"minecraft:birch_boat":3,"minecraft:furnace":2,"minecraft:birch_planks":48,"minecraft:stone_axe":1,"minecraft:air":0,"minecraft:stick":32,"minecraft:stone_pickaxe":1,"minecraft:wooden_axe":1,"indrev:steel_helmet":1},"minecraft:killed":{"minecraft:pig":7,"minecraft:spider":1,"fishofthieves:pondie":2,"minecraft:zombie":2,"minecraft:chicken":1,"minecells:shieldbearer":1,"minecells:leaping_zombie":2,"minecraft:cow":2},"minecraft:killed_by":{"minecells:grenadier":1},"minecraft:dropped":{"minecraft:brown_mushroom":5,"croptopia:cashew":6,"minecraft:birch_sapling":5,"minecraft:feather":1,"minecraft:rotten_flesh":7,"minecraft:red_mushroom":20,"minecraft:dirt":5,"create:clipboard":2,"minecraft:wooden_axe":3,"minecraft:oak_sapling":6,"minecraft:wooden_pickaxe":1,"minecraft:string":2}},"DataVersion":3465}