{"stats":{"minecraft:mined":{"minecells:kings_crest_flag":1,"minecraft:crafting_table":3,"minecraft:grass_block":4,"minecells:rotting_corpse":1,"minecraft:cobblestone":1,"minecraft:grindstone":1,"minecells:alchemy_equipment_2":1,"minecraft:birch_planks":1,"minecells:broken_cage":1,"minecraft:furnace":3,"minecraft:fire":4,"minecraft:birch_leaves":1,"treechop:chopped_log":6,"minecells:prison_torch":1,"minecells:wilted_wall_leaves":1,"minecraft:dirt":5,"croptopia:cashew_crop":2,"minecraft:stone":45,"minecraft:oak_leaves":2},"minecraft:custom":{"lootr:looted_stat":24,"minecraft:interact_with_furnace":20,"minecraft:mob_kills":21,"minecraft:interact_with_crafting_table":9,"minecraft:damage_dealt_resisted":0,"minecraft:interact_with_grindstone":1,"minecraft:leave_game":1,"minecraft:time_since_death":19207,"minecraft:climb_one_cm":504,"minecraft:damage_resisted":0,"minecraft:hex":2,"minecraft:time_since_rest":19252,"minecraft:sprint_one_cm":223848,"minecraft:damage_absorbed":40,"minecraft:damage_taken":1582,"minecraft:walk_one_cm":141998,"minecraft:damage_blocked_by_shield":545,"minecraft:drop":38,"minecraft:damage_dealt":2698,"minecraft:swim_one_cm":20433,"minecraft:fly_one_cm":68917,"minecraft:open_chest":11,"minecraft:crouch_one_cm":3109,"minecraft:play_time":60137,"minecraft:deaths":1,"minecraft:sneak_time":1435,"minecraft:walk_under_water_one_cm":3637,"minecraft:boat_one_cm":47204,"minecraft:jump":473,"minecraft:walk_on_water_one_cm":3746,"minecraft:threat":4,"minecraft:total_world_time":60137,"minecraft:fall_one_cm":10317},"minecraft:picked_up":{"minecraft:wooden_axe":2,"minecraft:birch_log":12,"minecraft:crafting_table":3,"minecraft:feather":1,"minecraft:chicken":1,"minecraft:leather":2,"minecraft:brown_mushroom":5,"minecraft:red_mushroom":20,"minecraft:birch_planks":31,"minecraft:oak_log":20,"minecraft:dirt":7,"minecraft:string":2,"minecraft:apple":1,"minecells:kings_crest_flag":1,"minecells:prison_torch":1,"minecraft:beef":5,"twigs:twig":14,"minecraft:birch_sapling":5,"minecraft:oak_planks":63,"minecraft:furnace":3,"minecraft:egg":1,"minecells:guts":1,"minecraft:cooked_porkchop":2,"patchouli:guide_book":1,"minecells:monster_cell":2,"fishofthieves:pondie":2,"minecraft:porkchop":16,"minecraft:arrow":6,"create:clipboard":2,"minecraft:rotten_flesh":13,"frostiful:wolf_fur_tuft":4,"minecraft:oak_sapling":6,"croptopia:cashew":6,"minecraft:cobblestone":49},"minecraft:used":{"spellbladenext:frost_claymore":24,"create:clipboard":2,"minecraft:stone_sword":44,"minecraft:flint_and_steel":4,"minecraft:birch_planks":8,"minecraft:stone_pickaxe":52,"minecraft:oak_planks":13,"minecraft:birch_boat":2,"minecraft:shield":10,"minecraft:wooden_pickaxe":7,"minecraft:golden_apple":1,"minecraft:dirt":2,"minecraft:crafting_table":5,"minecraft:wooden_axe":30,"minecraft:apple":1,"minecraft:bread":10,"minecells:kings_crest_flag":1,"minecells:balanced_blade":1,"minecraft:stone_axe":14,"minecells:prison_torch":1,"minecraft:cooked_porkchop":1,"minecraft:furnace":4,"minecraft:egg":1,"minecraft:cooked_beef":5,"minecraft:cobweb":8},"minecraft:crafted":{"minecraft:cooked_beef":5,"minecraft:oak_planks":80,"minecraft:cooked_porkchop":12,"minecraft:crafting_table":3,"minecraft:wooden_pickaxe":1,"minecraft:birch_boat":3,"minecraft:furnace":2,"minecraft:birch_planks":48,"minecraft:stone_axe":1,"minecraft:air":0,"minecraft:stick":32,"minecraft:stone_pickaxe":1,"minecraft:wooden_axe":1,"indrev:steel_helmet":1},"minecraft:killed":{"minecraft:pig":7,"minecells:undead_archer":2,"minecraft:spider":1,"fishofthieves:pondie":2,"minecraft:zombie":2,"minecraft:chicken":1,"minecells:shieldbearer":1,"minecells:leaping_zombie":3,"minecraft:cow":2},"minecraft:killed_by":{"minecells:grenadier":1},"minecraft:dropped":{"minecraft:furnace":1,"minecraft:brown_mushroom":5,"minecraft:iron_nugget":1,"minecraft:stone_sword":1,"frostiful:wolf_fur_tuft":4,"croptopia:cashew":6,"minecraft:birch_sapling":5,"minecraft:feather":1,"minecraft:rotten_flesh":9,"minecraft:red_mushroom":20,"minecraft:dirt":5,"create:clipboard":2,"minecraft:wooden_axe":3,"minecraft:oak_sapling":6,"minecraft:gold_nugget":2,"minecraft:arrow":1,"minecraft:wooden_pickaxe":1,"minecraft:string":2}},"DataVersion":3465}