{"stats":{"minecraft:used":{"spellbladenext:frost_claymore":498,"create:clipboard":2,"minecraft:stone_sword":44,"minecraft:flint_and_steel":6,"minecraft:chest":6,"minecraft:shield":16,"minecraft:dirt":2,"simplyswords:diamond_sai":50,"minecraft:wooden_axe":30,"farmersdelight:fried_rice":5,"simplyswords:diamond_scythe":1,"minecraft:iron_axe":47,"minecells:kings_crest_flag":1,"minecells:blood_sword":1,"simplyswords:arcanethyst":7,"minecells:balanced_blade":1,"minecraft:furnace":4,"minecraft:egg":1,"minecraft:cooked_beef":5,"minecraft:birch_planks":8,"minecraft:oak_planks":15,"minecraft:stone_pickaxe":53,"minecraft:wooden_pickaxe":7,"minecraft:birch_boat":2,"minecraft:golden_apple":1,"simplyswords:diamond_warglaive":1,"minecraft:crafting_table":6,"minecraft:apple":1,"minecraft:bread":10,"minecraft:stone_axe":16,"minecells:prison_torch":1,"minecraft:cooked_porkchop":17,"minecraft:bucket":1,"simplyswords:toxic_longsword":1,"minecraft:cobweb":8},"minecraft:killed_by":{"minecells:grenadier":1},"minecraft:broken":{"minecraft:iron_boots":1,"indrev:steel_helmet":1},"minecraft:crafted":{"minecraft:oak_planks":80,"minecraft:birch_boat":3,"minecraft:furnace":2,"minecraft:stone":35,"minecraft:diamond_helmet":1,"minecraft:iron_boots":1,"minecraft:iron_axe":1,"minecraft:stone_pickaxe":1,"minecraft:chest":6,"minecraft:dark_oak_planks":8,"minecraft:cooked_beef":5,"minecraft:cooked_porkchop":12,"minecraft:crafting_table":4,"minecraft:wooden_pickaxe":1,"minecraft:bucket":1,"minecraft:birch_planks":48,"minecraft:stone_axe":1,"minecraft:air":0,"minecraft:golden_apple":2,"minecraft:diamond_pickaxe":1,"minecraft:stick":40,"minecraft:wooden_axe":1,"minecraft:iron_leggings":1,"indrev:steel_helmet":1,"minecraft:diamond_chestplate":1},"minecraft:mined":{"minecraft:dark_oak_leaves":1,"minecraft:dark_oak_log":4,"minecraft:grass_block":4,"minecells:rotting_corpse":1,"minecells:arrow_sign":1,"minecraft:furnace":3,"minecraft:fire":6,"treechop:chopped_log":9,"minecells:prison_torch":1,"minecells:wilted_wall_leaves":1,"croptopia:cashew_crop":2,"minecraft:stone":45,"minecells:kings_crest_flag":1,"minecraft:crafting_table":3,"minecraft:chest":1,"minecraft:cobblestone":1,"minecraft:grindstone":1,"minecraft:oak_planks":2,"minecells:alchemy_equipment_2":1,"minecraft:birch_planks":1,"minecells:broken_cage":1,"minecraft:birch_leaves":1,"minecraft:sand":19,"minecraft:dirt":6,"minecraft:oak_leaves":2},"minecraft:custom":{"lootr:looted_stat":70,"minecraft:interact_with_anvil":1,"minecraft:mob_kills":69,"minecraft:interact_with_crafting_table":30,"minecraft:damage_dealt_resisted":0,"minecraft:leave_game":3,"minecraft:time_since_death":85443,"minecraft:climb_one_cm":916,"minecraft:damage_resisted":0,"minecraft:sprint_one_cm":410083,"minecraft:walk_one_cm":375459,"minecraft:damage_blocked_by_shield":1031,"minecraft:drop":79,"minecraft:play_time":126373,"minecraft:deaths":1,"minecraft:sneak_time":2062,"minecraft:walk_under_water_one_cm":5993,"minecraft:boat_one_cm":47204,"minecraft:jump":913,"minecraft:walk_on_water_one_cm":7223,"minecraft:total_world_time":126373,"minecraft:interact_with_furnace":23,"minecraft:interact_with_grindstone":1,"minecraft:sleep_in_bed":1,"minecraft:hex":0,"minecraft:time_since_rest":18601,"minecraft:damage_taken":3861,"minecraft:damage_absorbed":40,"minecraft:damage_dealt":10507,"minecraft:swim_one_cm":23730,"minecraft:fly_one_cm":145347,"minecraft:open_chest":68,"minecraft:crouch_one_cm":4187,"minecraft:threat":14,"minecraft:fall_one_cm":16897},"minecraft:dropped":{"minecraft:enchanted_book":1,"minecraft:birch_planks":7,"minecraft:brown_mushroom":5,"frostiful:wolf_fur_tuft":4,"croptopia:blackbean":1,"minecraft:dark_oak_sapling":8,"minecraft:cooked_porkchop":2,"spellbladenext:frost_claymore":2,"minecraft:feather":1,"simplyswords:diamond_warglaive":1,"simplyswords:iron_halberd":1,"minecraft:red_mushroom":20,"minecraft:dirt":6,"minecells:infected_flesh":7,"create:clipboard":2,"minecraft:dark_oak_log":4,"minecraft:wooden_axe":3,"minecraft:gold_nugget":2,"minecells:metal_shards":1,"indrev:steel_leggings":1,"minecraft:string":2,"twigs:twig":5,"minecraft:furnace":1,"simplyswords:runic_tablet":1,"minecraft:iron_nugget":1,"simplyswords:iron_katana":1,"minecraft:stone_sword":1,"croptopia:cashew":6,"minecraft:bowl":4,"minecraft:birch_sapling":5,"simplyswords:dormant_relic":1,"fishofthieves:leeches":1,"simplyswords:diamond_sai":1,"simplyswords:arcanethyst":1,"minecraft:rotten_flesh":12,"minecraft:oak_sapling":6,"minecells:guts":2,"minecells:health_flask":5,"minecraft:arrow":1,"minecraft:wooden_pickaxe":1,"simplyswords:diamond_scythe":1,"simplyswords:iron_claymore":2},"minecraft:killed":{"minecells:mutated_bat":3,"minecraft:spider":1,"minecells:undead_archer":4,"fishofthieves:pondie":2,"minecraft:chicken":1,"minecells:leaping_zombie":31,"minecells:grenadier":6,"minecraft:pig":7,"graveyard:ghoul":1,"minecells:runner":5,"minecraft:zombie":2,"minecells:shieldbearer":3,"minecraft:cow":2},"minecraft:picked_up":{"minecraft:wooden_axe":2,"minecraft:crafting_table":3,"minecraft:chicken":1,"minecraft:brown_mushroom":5,"minecraft:shield":1,"minecraft:string":2,"simplyswords:runic_tablet":1,"minecraft:beef":5,"indrev:steel_leggings":2,"minecraft:chest":1,"minecraft:birch_sapling":5,"minecraft:furnace":3,"minecraft:egg":1,"minecraft:dark_oak_sapling":9,"indrev:steel_chestplate":1,"minecells:guts":12,"croptopia:blackbean":1,"minecraft:bowl":2,"minecells:monsters_eye":1,"simplyswords:arcanethyst":1,"minecraft:porkchop":16,"simplyswords:dormant_relic":1,"simplyswords:iron_halberd":1,"simplyswords:diamond_warglaive":1,"minecraft:arrow":11,"minecraft:rotten_flesh":20,"create:clipboard":2,"indrev:steel_boots":1,"minecraft:cobblestone":49,"minecraft:birch_log":12,"minecraft:feather":1,"minecraft:leather":2,"minecraft:red_mushroom":20,"minecraft:birch_planks":31,"simplyswords:iron_claymore":2,"minecraft:oak_log":20,"minecraft:gunpowder":1,"minecraft:dirt":8,"minecells:health_flask":2,"minecraft:apple":3,"minecells:kings_crest_flag":1,"minecells:prison_torch":1,"twigs:twig":19,"spellbladenext:frost_claymore":2,"simplyswords:diamond_sai":1,"minecraft:oak_planks":65,"minecraft:cooked_porkchop":9,"patchouli:guide_book":1,"minecells:monster_cell":24,"fishofthieves:pondie":2,"minecells:infected_flesh":12,"minecraft:sand":19,"minecells:metal_shards":1,"minecraft:dark_oak_log":68,"minecells:explosive_bulb":6,"frostiful:wolf_fur_tuft":4,"fishofthieves:leeches":1,"minecraft:oak_sapling":6,"croptopia:cashew":6}},"DataVersion":3465}