{"stats":{"minecraft:broken":{"beachparty:rubber_ring_axolotl":1,"minecraft:iron_boots":1,"indrev:steel_helmet":1,"indrev:steel_boots":1,"archers:archer_armor_legs":1},"minecraft:mined":{"minecraft:dark_prismarine_stairs":1,"graveyard:yellow_urn":1,"minecraft:red_nether_bricks":1,"minecraft:obsidian":1,"travelersbackpack:iron_golem":1,"minecraft:grass_block":5,"minecraft:coal_block":2,"minecraft:deepslate_bricks":1,"travelersbackpack:iron":1,"minecraft:gilded_blackstone":44,"minecraft:chiseled_stone_bricks":1,"minecraft:spawner":10,"minecells:arrow_sign":1,"graveyard:small_green_urn":1,"minecraft:fire":9,"minecraft:anvil":1,"minecells:prison_torch":1,"minecraft:iron_bars":2,"minecells:wilted_wall_leaves":1,"minecraft:black_candle":1,"minecraft:player_head":1,"minecraft:spruce_slab":1,"regions_unexplored:white_magnolia_leaves":1,"minecraft:medium_amethyst_bud":1,"minecraft:blast_furnace":1,"minecraft:calcite":2,"minecraft:chest":1,"minecraft:cobblestone":4,"minecraft:cyan_bed":1,"minecraft:grindstone":1,"minecraft:oak_planks":2,"minecraft:damaged_anvil":7,"minecraft:bricks":4,"minecells:alchemy_equipment_2":1,"minecells:broken_cage":1,"minecraft:stone_brick_stairs":1,"minecraft:grass":2,"minecraft:sand":88,"minecraft:dirt":6,"minecraft:red_mushroom_block":1,"minecraft:oak_leaves":3,"minecraft:gray_candle":1,"techreborn:sapphire_ore":3,"minecraft:dark_prismarine":5,"minecraft:tuff":1,"minecraft:dark_oak_leaves":1,"minecraft:dark_oak_log":4,"minecells:rotting_corpse":1,"minecraft:brown_mushroom_block":2,"minecraft:sandstone":13,"supplementaries:globe_sepia":1,"minecraft:furnace":5,"treechop:chopped_log":9,"minecraft:bookshelf":2,"bewitchment:salt_ore":1,"croptopia:cashew_crop":2,"minecraft:stone":79,"fastpaintings:painting":1,"twigs:opaline_seashell":1,"minecells:kings_crest_flag":1,"minecraft:stone_brick_slab":1,"minecraft:crafting_table":4,"minecraft:deepslate_coal_ore":1,"techreborn:tin_ore":3,"minecraft:blue_candle":1,"minecraft:birch_planks":1,"graveyard:vase_block":2,"minecraft:birch_leaves":1,"minecraft:coal_ore":8,"minecraft:gravel":129,"minecraft:cobweb":1,"minecraft:stone_bricks":6,"minecraft:mossy_stone_bricks":2},"minecraft:custom":{"lootr:looted_stat":129,"minecraft:interact_with_crafting_table":72,"minecraft:open_barrel":1,"minecraft:leave_game":3,"minecraft:time_since_death":48288,"minecraft:damage_resisted":0,"minecraft:sprint_one_cm":789923,"minecraft:damage_blocked_by_shield":1031,"minecraft:drop":184,"minecraft:talked_to_villager":15,"minecraft:play_time":275943,"minecraft:deaths":2,"minecraft:jump":3162,"minecraft:walk_on_water_one_cm":74836,"minecraft:interact_with_furnace":45,"minecraft:traded_with_villager":1,"minecraft:sleep_in_bed":1,"minecraft:damage_dealt":27869,"minecraft:crouch_one_cm":15293,"minecraft:interact_with_smithing_table":8,"minecraft:mob_kills":191,"minecraft:interact_with_anvil":5,"minecraft:damage_dealt_resisted":0,"minecraft:climb_one_cm":10125,"minecraft:walk_one_cm":594348,"minecraft:sneak_time":6793,"minecraft:walk_under_water_one_cm":76467,"minecraft:boat_one_cm":399419,"minecraft:interact_with_blast_furnace":2,"minecraft:total_world_time":275943,"minecraft:tune_noteblock":3,"minecraft:interact_with_grindstone":2,"minecraft:hex":0,"minecraft:time_since_rest":48318,"minecraft:damage_taken":9073,"minecraft:damage_absorbed":248,"minecraft:swim_one_cm":145511,"minecraft:fly_one_cm":599248,"minecraft:open_chest":127,"minecraft:threat":47,"minecraft:fall_one_cm":84231},"minecraft:picked_up":{"minecraft:wooden_axe":2,"techreborn:raw_tin":2,"beachparty:rubber_ring_axolotl":1,"minecraft:anvil":1,"minecraft:gilded_blackstone":39,"minecraft:string":4,"minecraft:red_nether_bricks":1,"minecraft:gold_nugget":10,"travelersbackpack:enderman":1,"twigs:pebble":47,"minecraft:calcite":2,"minecraft:written_book":2,"minecraft:coal_block":2,"minecraft:furnace":6,"beachparty:sand_slab":1,"minecells:guts":12,"croptopia:blackbean":1,"simplyswords:arcanethyst":1,"travelersbackpack:diamond_tier_upgrade":2,"minecraft:porkchop":16,"simplyswords:dormant_relic":1,"graveyard:yellow_urn":1,"minecraft:pointed_dripstone":12,"travelersbackpack:iron":2,"mutantmonsters:hulk_hammer":1,"simplyswords:diamond_warglaive":1,"minecraft:rotten_flesh":40,"create:clipboard":2,"indrev:steel_boots":1,"minecraft:obsidian":1,"minecraft:iron_bars":2,"minecraft:cobblestone":77,"minecraft:birch_log":12,"travelersbackpack:iron_golem":1,"minecraft:lilac":1,"minecraft:feather":4,"minecraft:cooked_beef":47,"minecraft:dark_oak_boat":2,"minecraft:copper_block":3,"minecraft:flint":11,"minecraft:tuff":1,"minecraft:dirt":17,"promenade:cooked_duck":2,"minecraft:glass":4,"minecraft:bone":22,"travelersbackpack:backpack_tank":2,"minecraft:bow":1,"minecraft:orange_tulip":3,"minecraft:raw_gold":3,"minecraft:mossy_stone_bricks":1,"minecraft:gray_candle":3,"croptopia:roe":4,"twigs:twig":20,"spellbladenext:frost_claymore":2,"minecraft:oak_planks":73,"simplyswords:diamond_sai":1,"minecraft:cooked_porkchop":33,"patchouli:guide_book":1,"fishofthieves:pondie":2,"minecraft:sand":107,"minecells:metal_shards":1,"winterly:cryomarble_shard":2,"minecraft:dark_oak_log":125,"techreborn:sapphire_gem":6,"minecraft:dark_prismarine":4,"techreborn:peridot_gem":1,"minecraft:sugar":13,"minecells:explosive_bulb":6,"minecraft:spruce_sign":2,"fishofthieves:leeches":4,"minecraft:golden_apple":2,"frostiful:wolf_fur_tuft":4,"minecraft:emerald":1,"minecraft:oak_sapling":6,"minecraft:bricks":4,"croptopia:cashew":6,"minecraft:diamond_pickaxe":1,"minecraft:crafting_table":5,"minecraft:chicken":1,"minecraft:brown_mushroom":18,"minecraft:shield":1,"minecraft:item_frame":2,"twigs:opaline_seashell":1,"graveyard:corruption":1,"mythicmobs:chupacabra_raw_meat":1,"simplyswords:runic_tablet":1,"minecraft:beef":5,"minecraft:oak_boat":2,"minecraft:player_head":1,"minecraft:spruce_slab":2,"indrev:steel_leggings":2,"minecraft:chest":2,"minecraft:birch_sapling":5,"minecraft:egg":1,"minecraft:dark_oak_sapling":9,"indrev:steel_chestplate":1,"minecraft:sandstone":12,"minecraft:bowl":7,"minecells:monsters_eye":1,"simplyswords:iron_halberd":1,"minecraft:dark_oak_planks":4,"minecraft:lime_candle":3,"minecraft:arrow":39,"minecraft:deepslate_bricks":1,"minecraft:gold_ingot":1,"minecraft:skeleton_skull":1,"minecraft:white_wool":6,"minecraft:leather":31,"minecraft:red_mushroom":25,"minecraft:birch_planks":31,"fishofthieves:grubs":1,"simplyswords:iron_claymore":2,"minecraft:oak_log":20,"minecraft:gunpowder":12,"minecells:health_flask":2,"minecraft:cooked_mutton":10,"graveyard:small_green_urn":1,"minecraft:apple":3,"minecraft:stone_bricks":4,"supplementaries:globe_sepia":1,"minecells:kings_crest_flag":1,"minecells:prison_torch":1,"minecraft:cooked_chicken":1,"minecraft:cobweb":3,"travelersbackpack:blank_upgrade":1,"naturalist:cooked_venison":2,"minecraft:book":6,"minecraft:black_candle":6,"minecraft:stone_brick_slab":1,"minecells:monster_cell":24,"minecells:infected_flesh":12,"minecraft:gravel":109,"minecraft:blast_furnace":1,"adventurez:cooked_venison":4,"minecraft:painting":1,"minecraft:damaged_anvil":7,"minecraft:coal":20},"minecraft:used":{"spellbladenext:frost_claymore":736,"minecraft:iron_shovel":196,"minecraft:shield":16,"minecraft:chest":16,"naturalist:cooked_venison":2,"simplyswords:diamond_sai":50,"travelersbackpack:iron":22,"minecraft:obsidian":4,"farmersdelight:fried_rice":10,"spellbladenext:fire_blade":1,"beachparty:rubber_ring_axolotl":1,"minecells:kings_crest_flag":1,"simplyswords:diamond_cutlass":2,"simplyswords:arcanethyst":216,"minecells:balanced_blade":1,"minecraft:dark_oak_boat":5,"minecraft:written_book":2,"mutantmonsters:hulk_hammer":1,"minecraft:furnace":6,"minecraft:egg":1,"travelersbackpack:enderman":1,"adventurez:cooked_venison":4,"minecraft:stone_pickaxe":53,"minecraft:oak_planks":15,"minecraft:wooden_pickaxe":7,"travelersbackpack:iron_golem":15,"minecraft:white_wool":3,"minecraft:golden_apple":7,"simplyswords:diamond_warglaive":1,"ad_astra:oil_bucket":1,"spellbladenext:frost_blade":1,"minecraft:bread":12,"minecraft:gravel":3,"minecraft:fire_charge":2,"archers:archer_armor_legs":1,"minecraft:oak_boat":3,"simplyswords:toxic_longsword":1,"minecraft:cobweb":12,"create:clipboard":2,"minecraft:stone_sword":44,"minecraft:flint_and_steel":10,"minecraft:cooked_chicken":10,"minecraft:dirt":3,"minecraft:wooden_axe":30,"minecraft:dark_oak_planks":87,"supplementaries:globe_sepia":1,"simplyswords:diamond_scythe":1,"minecraft:iron_axe":48,"minecells:blood_sword":1,"minecraft:cooked_beef":7,"minecraft:cooked_mutton":3,"minecraft:water_bucket":4,"minecraft:birch_planks":8,"minecraft:birch_boat":2,"minecraft:gilded_blackstone":9,"minecraft:crafting_table":14,"minecraft:diamond_pickaxe":177,"minecraft:apple":1,"minecraft:stone_axe":16,"minecells:prison_torch":1,"minecraft:cobblestone":12,"minecraft:cooked_porkchop":37,"twigs:opaline_seashell":1,"minecraft:bucket":7},"minecraft:crafted":{"minecraft:oak_planks":84,"travelersbackpack:iron":1,"minecraft:dark_oak_boat":4,"minecraft:birch_boat":3,"mcda:emerald_gear_chestplate":1,"minecraft:stone":35,"minecraft:glass":31,"minecraft:diamond_helmet":1,"minecraft:iron_boots":1,"minecraft:chest":18,"travelersbackpack:iron_tier_upgrade":1,"minecraft:cooked_porkchop":12,"minecraft:crafting_table":10,"minecraft:wooden_pickaxe":1,"travelersbackpack:standard":1,"minecraft:birch_planks":48,"minecraft:iron_chestplate":1,"minecraft:diamond_pickaxe":1,"minecraft:stick":44,"minecraft:gold_ingot":18,"comforts:sleeping_bag_white":1,"minecraft:furnace":3,"travelersbackpack:blank_upgrade":4,"travelersbackpack:gold_tier_upgrade":1,"minecraft:iron_axe":1,"minecraft:stone_pickaxe":1,"minecraft:dark_oak_planks":180,"travelersbackpack:diamond_tier_upgrade":1,"minecraft:cooked_beef":5,"supplementaries:globe_sepia":1,"travelersbackpack:backpack_tank":4,"minecraft:bucket":1,"minecraft:stone_axe":1,"minecraft:air":0,"minecraft:oak_boat":1,"minecraft:golden_apple":2,"minecraft:wooden_axe":1,"minecraft:iron_shovel":1,"minecraft:iron_leggings":1,"indrev:steel_helmet":1,"minecraft:diamond_chestplate":1},"minecraft:killed":{"minecraft:spider":2,"minecraft:skeleton":15,"minecraft:fox":1,"minecraft:chicken":2,"minecells:leaping_zombie":31,"minecells:grenadier":6,"minecraft:pig":14,"minecraft:creeper":3,"minecraft:sheep":6,"minecraft:pillager":1,"tinyskeletons:baby_skeleton":2,"minecraft:zombie":25,"minecells:shieldbearer":3,"minecraft:cow":21,"minecells:mutated_bat":3,"promenade:duck":2,"minecells:undead_archer":4,"fishofthieves:pondie":2,"naturalist:deer":1,"mythicmobs:chupacabra":1,"minecraft:drowned":6,"minecraft:husk":3,"graveyard:ghoul":2,"minecells:runner":5,"naturalist:bear":2,"mythicmobs:drake":1,"adventurez:deer":2,"mutantmonsters:mutant_zombie":1},"minecraft:killed_by":{"minecells:grenadier":1},"minecraft:dropped":{"minecraft:spruce_sign":2,"graveyard:small_green_urn":1,"minecraft:candle":5,"minecraft:brown_mushroom":5,"minecraft:birch_planks":7,"minecraft:dark_oak_sapling":8,"minecraft:cooked_porkchop":2,"minecraft:orange_tulip":3,"travelersbackpack:iron_tier_upgrade":1,"simplyswords:iron_halberd":1,"graveyard:corruption":1,"minecraft:red_mushroom":21,"minecraft:item_frame":2,"minecraft:dirt":6,"minecells:infected_flesh":7,"minecraft:dark_oak_log":80,"mythicmobs:chupacabra_raw_meat":1,"spellbladenext:frost_blade":2,"mythicupgrades:broken_topaz_disc":1,"minecraft:gilded_blackstone":30,"minecraft:gold_nugget":12,"indrev:steel_leggings":1,"minecraft:lime_candle":3,"minecraft:dark_oak_planks":4,"minecraft:white_wool":3,"fishofthieves:grubs":1,"twigs:twig":6,"minecraft:bone":6,"minecraft:gravel":64,"simplyswords:runic_tablet":1,"mutantmonsters:hulk_hammer":1,"minecraft:iron_nugget":1,"simplyswords:iron_katana":1,"minecraft:birch_sapling":5,"minecraft:obsidian":1,"minecraft:pointed_dripstone":12,"minecraft:rotten_flesh":30,"simplyswords:arcanethyst":1,"minecraft:oak_planks":7,"travelersbackpack:iron":1,"minecraft:gunpowder":11,"minecraft:dune_armor_trim_smithing_template":2,"minecraft:painting":1,"minecraft:spruce_slab":2,"indrev:module_color_red":1,"minecraft:red_nether_bricks":1,"minecraft:iron_bars":2,"minecraft:arrow":2,"archers:archer_armor_head":1,"botania:black_lotus":1,"minecraft:written_book":2,"minecraft:enchanted_book":1,"graveyard:yellow_urn":1,"minecraft:lilac":1,"frostiful:wolf_fur_tuft":4,"croptopia:blackbean":1,"minecraft:prismarine_shard":2,"spellbladenext:frost_claymore":2,"minecraft:feather":1,"minecraft:cobblestone":6,"simplyswords:diamond_warglaive":1,"minecraft:coal":9,"create:clipboard":2,"minecraft:black_candle":6,"minecraft:wooden_axe":3,"travelersbackpack:blank_upgrade":1,"travelersbackpack:enderman":1,"minecraft:iron_leggings":1,"minecells:metal_shards":1,"minecraft:string":4,"minecraft:bricks":3,"minecraft:furnace":2,"minecraft:player_head":1,"minecraft:stone_sword":1,"croptopia:cashew":6,"minecraft:bowl":13,"simplyswords:dormant_relic":1,"fishofthieves:leeches":4,"simplyswords:diamond_sai":1,"botania:overgrowth_seed":1,"travelersbackpack:diamond_tier_upgrade":2,"minecraft:filled_map":1,"botania:lexicon":1,"minecraft:diamond_pickaxe":1,"minecraft:mossy_stone_bricks":1,"minecraft:oak_sapling":6,"croptopia:roe":4,"minecells:guts":2,"minecells:health_flask":5,"minecraft:bow":1,"simplyswords:diamond_scythe":1,"minecraft:wooden_pickaxe":1,"minecraft:dark_prismarine":3,"simplyswords:iron_claymore":2}},"DataVersion":3465}