{"stats":{"minecraft:mined":{"minecraft:crafting_table":2,"minecraft:grass_block":2,"minecraft:grindstone":1,"minecraft:furnace":3,"minecraft:fire":1,"treechop:chopped_log":5,"minecraft:dirt":1,"croptopia:cashew_crop":2,"minecraft:stone":45,"minecraft:oak_leaves":2},"minecraft:custom":{"minecraft:interact_with_furnace":19,"minecraft:mob_kills":15,"minecraft:interact_with_crafting_table":6,"minecraft:damage_dealt_resisted":0,"minecraft:interact_with_grindstone":1,"minecraft:leave_game":1,"minecraft:time_since_death":24137,"minecraft:hex":0,"minecraft:time_since_rest":24137,"minecraft:sprint_one_cm":76081,"minecraft:damage_taken":275,"minecraft:walk_one_cm":45527,"minecraft:damage_blocked_by_shield":365,"minecraft:drop":15,"minecraft:damage_dealt":1785,"minecraft:swim_one_cm":19437,"minecraft:fly_one_cm":47172,"minecraft:crouch_one_cm":952,"minecraft:play_time":24137,"minecraft:sneak_time":734,"minecraft:walk_under_water_one_cm":3599,"minecraft:jump":309,"minecraft:walk_on_water_one_cm":2759,"minecraft:total_world_time":24137,"minecraft:fall_one_cm":7976},"minecraft:picked_up":{"minecraft:wooden_axe":2,"minecraft:birch_log":5,"minecraft:crafting_table":2,"minecraft:feather":1,"minecraft:chicken":1,"minecraft:leather":2,"minecraft:brown_mushroom":2,"minecraft:red_mushroom":4,"minecraft:birch_planks":30,"minecraft:oak_log":20,"minecraft:dirt":2,"minecraft:string":1,"minecraft:apple":1,"minecraft:beef":5,"twigs:twig":14,"minecraft:birch_sapling":2,"minecraft:oak_planks":62,"minecraft:furnace":3,"minecraft:egg":1,"minecraft:cooked_porkchop":2,"fishofthieves:pondie":2,"minecraft:porkchop":16,"minecraft:rotten_flesh":2,"frostiful:wolf_fur_tuft":4,"minecraft:oak_sapling":6,"croptopia:cashew":2,"minecraft:cobblestone":45},"minecraft:used":{"minecraft:stone_sword":43,"minecraft:stone_pickaxe":45,"minecraft:oak_planks":1,"minecraft:shield":8,"minecraft:wooden_pickaxe":7,"minecraft:crafting_table":3,"minecraft:wooden_axe":30,"minecraft:apple":1,"minecraft:bread":6,"minecraft:stone_axe":3,"minecraft:furnace":4},"minecraft:crafted":{"minecraft:cooked_beef":5,"minecraft:oak_planks":80,"minecraft:cooked_porkchop":12,"minecraft:crafting_table":2,"minecraft:wooden_pickaxe":1,"minecraft:birch_boat":1,"minecraft:furnace":2,"minecraft:birch_planks":20,"minecraft:stone_axe":1,"minecraft:air":0,"minecraft:stick":32,"minecraft:stone_pickaxe":1,"minecraft:wooden_axe":1},"minecraft:killed":{"minecraft:pig":7,"minecraft:spider":1,"fishofthieves:pondie":2,"minecraft:zombie":2,"minecraft:chicken":1,"minecraft:cow":2},"minecraft:dropped":{"minecraft:brown_mushroom":2,"croptopia:cashew":2,"minecraft:birch_sapling":2,"minecraft:rotten_flesh":2,"minecraft:red_mushroom":4,"minecraft:dirt":2,"minecraft:wooden_axe":3,"minecraft:oak_sapling":6,"minecraft:wooden_pickaxe":1,"minecraft:string":1}},"DataVersion":3465}