{"stats":{"minecraft:mined":{"minecells:kings_crest_flag":1,"minecraft:crafting_table":2,"minecraft:grass_block":2,"minecells:rotting_corpse":1,"minecraft:grindstone":1,"minecells:broken_cage":1,"minecraft:furnace":3,"minecraft:fire":1,"treechop:chopped_log":5,"minecells:prison_torch":1,"minecells:wilted_wall_leaves":1,"minecraft:dirt":1,"croptopia:cashew_crop":2,"minecraft:stone":45,"minecraft:oak_leaves":2},"minecraft:custom":{"minecraft:interact_with_furnace":19,"minecraft:mob_kills":15,"minecraft:interact_with_crafting_table":6,"minecraft:damage_dealt_resisted":0,"minecraft:interact_with_grindstone":1,"minecraft:leave_game":1,"minecraft:time_since_death":36137,"minecraft:climb_one_cm":214,"minecraft:hex":0,"minecraft:time_since_rest":36137,"minecraft:sprint_one_cm":83871,"minecraft:damage_taken":330,"minecraft:walk_one_cm":54911,"minecraft:damage_blocked_by_shield":365,"minecraft:drop":23,"minecraft:damage_dealt":1879,"minecraft:swim_one_cm":20433,"minecraft:fly_one_cm":50770,"minecraft:open_chest":3,"minecraft:crouch_one_cm":974,"minecraft:play_time":36137,"minecraft:sneak_time":804,"minecraft:walk_under_water_one_cm":3637,"minecraft:jump":330,"minecraft:walk_on_water_one_cm":3412,"minecraft:total_world_time":36137,"minecraft:fall_one_cm":8245},"minecraft:picked_up":{"minecraft:wooden_axe":2,"minecraft:birch_log":5,"minecraft:crafting_table":2,"minecraft:feather":1,"minecraft:chicken":1,"minecraft:leather":2,"minecraft:brown_mushroom":4,"minecraft:red_mushroom":18,"minecraft:birch_planks":30,"minecraft:oak_log":20,"minecraft:dirt":3,"minecraft:string":2,"minecraft:apple":1,"minecells:kings_crest_flag":1,"minecells:prison_torch":1,"minecraft:beef":5,"twigs:twig":14,"minecraft:birch_sapling":2,"minecraft:oak_planks":62,"minecraft:furnace":3,"minecraft:egg":1,"minecraft:cooked_porkchop":2,"patchouli:guide_book":1,"fishofthieves:pondie":2,"minecraft:porkchop":16,"minecraft:arrow":1,"create:clipboard":2,"minecraft:rotten_flesh":7,"frostiful:wolf_fur_tuft":4,"minecraft:oak_sapling":6,"croptopia:cashew":6,"minecraft:cobblestone":45},"minecraft:used":{"create:clipboard":2,"minecraft:stone_sword":44,"minecraft:stone_pickaxe":51,"minecraft:oak_planks":1,"minecraft:shield":8,"minecraft:wooden_pickaxe":7,"minecraft:crafting_table":3,"minecraft:wooden_axe":30,"minecraft:apple":1,"minecraft:bread":6,"minecraft:stone_axe":3,"minecells:prison_torch":1,"minecraft:furnace":4},"minecraft:crafted":{"minecraft:cooked_beef":5,"minecraft:oak_planks":80,"minecraft:cooked_porkchop":12,"minecraft:crafting_table":2,"minecraft:wooden_pickaxe":1,"minecraft:birch_boat":1,"minecraft:furnace":2,"minecraft:birch_planks":20,"minecraft:stone_axe":1,"minecraft:air":0,"minecraft:stick":32,"minecraft:stone_pickaxe":1,"minecraft:wooden_axe":1},"minecraft:killed":{"minecraft:pig":7,"minecraft:spider":1,"fishofthieves:pondie":2,"minecraft:zombie":2,"minecraft:chicken":1,"minecraft:cow":2},"minecraft:dropped":{"minecraft:brown_mushroom":4,"croptopia:cashew":6,"minecraft:birch_sapling":2,"minecraft:rotten_flesh":7,"minecraft:red_mushroom":11,"minecraft:dirt":2,"create:clipboard":2,"minecraft:wooden_axe":3,"minecraft:oak_sapling":6,"minecraft:wooden_pickaxe":1,"minecraft:string":1}},"DataVersion":3465}