{"stats":{"minecraft:broken":{"minecraft:iron_boots":1,"indrev:steel_helmet":1},"minecraft:mined":{"minecraft:dark_prismarine_stairs":1,"minecraft:dark_prismarine":5,"minecraft:dark_oak_leaves":1,"minecraft:dark_oak_log":4,"travelersbackpack:iron_golem":1,"minecraft:grass_block":4,"minecells:rotting_corpse":1,"minecraft:brown_mushroom_block":2,"supplementaries:globe_sepia":1,"minecraft:spawner":1,"minecells:arrow_sign":1,"minecraft:furnace":4,"minecraft:fire":8,"treechop:chopped_log":9,"minecells:prison_torch":1,"minecells:wilted_wall_leaves":1,"croptopia:cashew_crop":2,"minecraft:stone":45,"twigs:opaline_seashell":1,"minecells:kings_crest_flag":1,"minecraft:crafting_table":3,"minecraft:chest":1,"minecraft:cobblestone":1,"minecraft:grindstone":1,"minecraft:oak_planks":2,"minecraft:bricks":1,"minecells:alchemy_equipment_2":1,"minecraft:birch_planks":1,"minecells:broken_cage":1,"minecraft:birch_leaves":1,"minecraft:stone_brick_stairs":1,"minecraft:sand":19,"minecraft:dirt":6,"minecraft:red_mushroom_block":1,"minecraft:oak_leaves":2},"minecraft:custom":{"lootr:looted_stat":89,"minecraft:interact_with_anvil":1,"minecraft:mob_kills":84,"minecraft:interact_with_crafting_table":45,"minecraft:damage_dealt_resisted":0,"minecraft:leave_game":3,"minecraft:time_since_death":133013,"minecraft:damage_resisted":0,"minecraft:climb_one_cm":3363,"minecraft:sprint_one_cm":474044,"minecraft:walk_one_cm":413497,"minecraft:damage_blocked_by_shield":1031,"minecraft:drop":121,"minecraft:talked_to_villager":3,"minecraft:play_time":173943,"minecraft:sneak_time":2772,"minecraft:deaths":1,"minecraft:walk_under_water_one_cm":71383,"minecraft:boat_one_cm":119744,"minecraft:jump":1232,"minecraft:walk_on_water_one_cm":55799,"minecraft:total_world_time":173943,"minecraft:interact_with_furnace":25,"minecraft:traded_with_villager":1,"minecraft:tune_noteblock":3,"minecraft:interact_with_grindstone":1,"minecraft:sleep_in_bed":1,"minecraft:hex":0,"minecraft:time_since_rest":66171,"minecraft:damage_taken":5174,"minecraft:damage_absorbed":50,"minecraft:damage_dealt":12692,"minecraft:swim_one_cm":124355,"minecraft:fly_one_cm":195867,"minecraft:open_chest":91,"minecraft:crouch_one_cm":6518,"minecraft:threat":24,"minecraft:fall_one_cm":22065},"minecraft:picked_up":{"minecraft:wooden_axe":2,"minecraft:crafting_table":4,"beachparty:rubber_ring_axolotl":1,"minecraft:chicken":1,"minecraft:brown_mushroom":18,"minecraft:shield":1,"minecraft:string":2,"twigs:opaline_seashell":1,"simplyswords:runic_tablet":1,"minecraft:beef":5,"indrev:steel_leggings":2,"minecraft:chest":2,"minecraft:birch_sapling":5,"minecraft:furnace":4,"minecraft:egg":1,"indrev:steel_chestplate":1,"minecraft:dark_oak_sapling":9,"minecells:guts":12,"croptopia:blackbean":1,"minecraft:bowl":7,"minecells:monsters_eye":1,"simplyswords:arcanethyst":1,"minecraft:porkchop":16,"simplyswords:dormant_relic":1,"simplyswords:iron_halberd":1,"mutantmonsters:hulk_hammer":1,"simplyswords:diamond_warglaive":1,"minecraft:arrow":11,"minecraft:rotten_flesh":21,"create:clipboard":2,"minecraft:gold_ingot":1,"indrev:steel_boots":1,"minecraft:white_wool":3,"minecraft:cobblestone":49,"minecraft:birch_log":12,"travelersbackpack:iron_golem":1,"minecraft:feather":1,"minecraft:cooked_beef":6,"minecraft:leather":10,"minecraft:red_mushroom":24,"minecraft:birch_planks":31,"simplyswords:iron_claymore":2,"minecraft:oak_log":20,"minecraft:gunpowder":1,"minecraft:dirt":16,"minecells:health_flask":2,"minecraft:cooked_mutton":6,"minecraft:bone":1,"travelersbackpack:backpack_tank":2,"minecraft:apple":3,"supplementaries:globe_sepia":1,"minecells:kings_crest_flag":1,"minecells:prison_torch":1,"twigs:twig":19,"croptopia:roe":4,"spellbladenext:frost_claymore":2,"simplyswords:diamond_sai":1,"minecraft:oak_planks":65,"minecraft:cooked_porkchop":11,"patchouli:guide_book":1,"minecells:monster_cell":24,"fishofthieves:pondie":2,"minecells:infected_flesh":12,"minecraft:sand":19,"minecells:metal_shards":1,"minecraft:dark_oak_log":125,"minecraft:dark_prismarine":4,"minecells:explosive_bulb":6,"frostiful:wolf_fur_tuft":4,"fishofthieves:leeches":1,"minecraft:oak_sapling":6,"croptopia:cashew":6,"minecraft:bricks":1,"minecraft:diamond_pickaxe":1},"minecraft:used":{"spellbladenext:frost_claymore":605,"create:clipboard":2,"minecraft:stone_sword":44,"minecraft:flint_and_steel":6,"minecraft:chest":16,"minecraft:shield":16,"minecraft:dirt":2,"simplyswords:diamond_sai":50,"minecraft:obsidian":4,"minecraft:dark_oak_planks":28,"minecraft:wooden_axe":30,"farmersdelight:fried_rice":10,"spellbladenext:fire_blade":1,"supplementaries:globe_sepia":1,"beachparty:rubber_ring_axolotl":1,"simplyswords:diamond_scythe":1,"minecraft:iron_axe":47,"minecells:kings_crest_flag":1,"minecells:blood_sword":1,"simplyswords:arcanethyst":7,"minecells:balanced_blade":1,"minecraft:dark_oak_boat":1,"mutantmonsters:hulk_hammer":1,"minecraft:furnace":4,"minecraft:egg":1,"minecraft:cooked_beef":7,"minecraft:water_bucket":1,"minecraft:birch_planks":8,"minecraft:oak_planks":15,"minecraft:stone_pickaxe":53,"minecraft:wooden_pickaxe":7,"minecraft:birch_boat":2,"travelersbackpack:iron_golem":7,"minecraft:white_wool":3,"minecraft:golden_apple":2,"simplyswords:diamond_warglaive":1,"minecraft:crafting_table":8,"ad_astra:oil_bucket":1,"minecraft:diamond_pickaxe":13,"minecraft:apple":1,"minecraft:bread":12,"minecraft:stone_axe":16,"minecraft:fire_charge":2,"minecells:prison_torch":1,"archers:archer_armor_legs":1,"minecraft:cooked_porkchop":17,"twigs:opaline_seashell":1,"minecraft:bucket":3,"simplyswords:toxic_longsword":1,"minecraft:cobweb":10},"minecraft:crafted":{"minecraft:oak_planks":80,"minecraft:dark_oak_boat":1,"comforts:sleeping_bag_white":1,"minecraft:birch_boat":3,"mcda:emerald_gear_chestplate":1,"minecraft:furnace":2,"minecraft:stone":35,"minecraft:glass":19,"minecraft:diamond_helmet":1,"minecraft:iron_boots":1,"minecraft:iron_axe":1,"minecraft:stone_pickaxe":1,"minecraft:chest":17,"minecraft:dark_oak_planks":76,"minecraft:cooked_beef":5,"supplementaries:globe_sepia":1,"minecraft:cooked_porkchop":12,"minecraft:crafting_table":6,"travelersbackpack:backpack_tank":2,"minecraft:wooden_pickaxe":1,"minecraft:bucket":1,"minecraft:birch_planks":48,"minecraft:stone_axe":1,"minecraft:air":0,"minecraft:iron_chestplate":1,"minecraft:diamond_pickaxe":1,"minecraft:golden_apple":2,"minecraft:stick":40,"minecraft:wooden_axe":1,"minecraft:iron_leggings":1,"indrev:steel_helmet":1,"minecraft:diamond_chestplate":1},"minecraft:killed":{"minecells:mutated_bat":3,"minecraft:spider":1,"minecells:undead_archer":4,"fishofthieves:pondie":2,"minecraft:skeleton":1,"minecraft:chicken":1,"minecraft:drowned":3,"minecells:leaping_zombie":31,"minecells:grenadier":6,"minecraft:pig":7,"graveyard:ghoul":1,"minecells:runner":5,"naturalist:bear":2,"minecraft:sheep":3,"minecraft:zombie":3,"minecells:shieldbearer":3,"mutantmonsters:mutant_zombie":1,"minecraft:cow":2},"minecraft:killed_by":{"minecells:grenadier":1},"minecraft:dropped":{"minecraft:enchanted_book":1,"minecraft:brown_mushroom":5,"minecraft:birch_planks":7,"frostiful:wolf_fur_tuft":4,"croptopia:blackbean":1,"minecraft:dark_oak_sapling":8,"minecraft:cooked_porkchop":2,"spellbladenext:frost_claymore":2,"minecraft:prismarine_shard":2,"minecraft:feather":1,"simplyswords:diamond_warglaive":1,"simplyswords:iron_halberd":1,"minecraft:red_mushroom":20,"minecraft:dirt":6,"minecells:infected_flesh":7,"create:clipboard":2,"minecraft:dark_oak_log":80,"spellbladenext:frost_blade":1,"minecraft:wooden_axe":3,"mythicupgrades:broken_topaz_disc":1,"minecraft:iron_leggings":1,"minecells:metal_shards":1,"minecraft:gold_nugget":2,"indrev:steel_leggings":1,"minecraft:string":2,"twigs:twig":5,"minecraft:bone":1,"minecraft:furnace":2,"simplyswords:runic_tablet":1,"mutantmonsters:hulk_hammer":1,"minecraft:iron_nugget":1,"simplyswords:iron_katana":1,"minecraft:stone_sword":1,"croptopia:cashew":6,"minecraft:bowl":13,"minecraft:birch_sapling":5,"simplyswords:dormant_relic":1,"fishofthieves:leeches":1,"simplyswords:diamond_sai":1,"simplyswords:arcanethyst":1,"minecraft:rotten_flesh":12,"botania:lexicon":1,"minecraft:dune_armor_trim_smithing_template":2,"minecraft:diamond_pickaxe":1,"minecraft:oak_sapling":6,"croptopia:roe":4,"minecells:guts":2,"minecells:health_flask":5,"indrev:module_color_red":1,"minecraft:arrow":1,"minecraft:wooden_pickaxe":1,"simplyswords:diamond_scythe":1,"botania:black_lotus":1,"minecraft:dark_prismarine":3,"archers:archer_armor_head":1,"simplyswords:iron_claymore":2}},"DataVersion":3465}