{"stats":{"minecraft:broken":{"minecraft:iron_boots":1,"indrev:steel_helmet":1},"minecraft:mined":{"techreborn:sapphire_ore":3,"minecraft:dark_prismarine_stairs":1,"minecraft:dark_prismarine":5,"minecraft:dark_oak_leaves":1,"minecraft:dark_oak_log":4,"travelersbackpack:iron_golem":1,"minecraft:grass_block":5,"minecells:rotting_corpse":1,"minecraft:brown_mushroom_block":2,"travelersbackpack:iron":1,"minecraft:sandstone":12,"supplementaries:globe_sepia":1,"minecraft:spawner":1,"minecells:arrow_sign":1,"minecraft:furnace":4,"minecraft:fire":8,"treechop:chopped_log":9,"minecells:prison_torch":1,"minecraft:iron_bars":1,"minecells:wilted_wall_leaves":1,"croptopia:cashew_crop":2,"minecraft:stone":66,"twigs:opaline_seashell":1,"minecells:kings_crest_flag":1,"minecraft:crafting_table":3,"minecraft:chest":1,"minecraft:cobblestone":1,"minecraft:grindstone":1,"minecraft:oak_planks":2,"minecraft:bricks":1,"minecells:alchemy_equipment_2":1,"techreborn:tin_ore":3,"minecraft:birch_planks":1,"minecells:broken_cage":1,"minecraft:birch_leaves":1,"minecraft:stone_brick_stairs":1,"minecraft:grass":1,"minecraft:gravel":129,"minecraft:sand":59,"minecraft:dirt":6,"minecraft:cobweb":1,"minecraft:red_mushroom_block":1,"minecraft:oak_leaves":3},"minecraft:custom":{"lootr:looted_stat":94,"minecraft:interact_with_anvil":4,"minecraft:mob_kills":122,"minecraft:interact_with_crafting_table":59,"minecraft:damage_dealt_resisted":0,"minecraft:leave_game":3,"minecraft:time_since_death":182488,"minecraft:damage_resisted":0,"minecraft:climb_one_cm":3363,"minecraft:sprint_one_cm":576758,"minecraft:walk_one_cm":494086,"minecraft:damage_blocked_by_shield":1031,"minecraft:drop":142,"minecraft:talked_to_villager":10,"minecraft:play_time":223418,"minecraft:sneak_time":5177,"minecraft:deaths":1,"minecraft:walk_under_water_one_cm":74748,"minecraft:boat_one_cm":235834,"minecraft:jump":1959,"minecraft:walk_on_water_one_cm":66506,"minecraft:total_world_time":223418,"minecraft:interact_with_furnace":43,"minecraft:traded_with_villager":1,"minecraft:tune_noteblock":3,"minecraft:interact_with_grindstone":1,"minecraft:sleep_in_bed":1,"minecraft:hex":6,"minecraft:time_since_rest":115646,"minecraft:damage_taken":7484,"minecraft:damage_absorbed":129,"minecraft:damage_dealt":18009,"minecraft:swim_one_cm":138919,"minecraft:fly_one_cm":340451,"minecraft:open_chest":118,"minecraft:crouch_one_cm":10349,"minecraft:threat":37,"minecraft:interact_with_smithing_table":8,"minecraft:fall_one_cm":42630},"minecraft:picked_up":{"minecraft:wooden_axe":2,"minecraft:crafting_table":4,"beachparty:rubber_ring_axolotl":1,"minecraft:chicken":1,"minecraft:brown_mushroom":18,"minecraft:shield":1,"minecraft:string":4,"twigs:opaline_seashell":1,"graveyard:corruption":1,"mythicmobs:chupacabra_raw_meat":1,"simplyswords:runic_tablet":1,"travelersbackpack:enderman":1,"twigs:pebble":47,"minecraft:beef":5,"indrev:steel_leggings":2,"minecraft:chest":2,"minecraft:birch_sapling":5,"minecraft:furnace":5,"minecraft:egg":1,"beachparty:sand_slab":1,"minecraft:sandstone":11,"indrev:steel_chestplate":1,"minecraft:dark_oak_sapling":9,"minecells:guts":12,"croptopia:blackbean":1,"minecraft:bowl":7,"minecells:monsters_eye":1,"simplyswords:arcanethyst":1,"travelersbackpack:diamond_tier_upgrade":2,"minecraft:porkchop":16,"simplyswords:dormant_relic":1,"simplyswords:iron_halberd":1,"minecraft:dark_oak_planks":4,"travelersbackpack:iron":2,"mutantmonsters:hulk_hammer":1,"simplyswords:diamond_warglaive":1,"minecraft:arrow":12,"minecraft:rotten_flesh":23,"create:clipboard":2,"minecraft:gold_ingot":1,"indrev:steel_boots":1,"minecraft:white_wool":6,"minecraft:cobblestone":61,"minecraft:birch_log":12,"travelersbackpack:iron_golem":1,"minecraft:feather":1,"minecraft:cooked_beef":14,"minecraft:leather":13,"minecraft:flint":11,"minecraft:red_mushroom":24,"minecraft:birch_planks":31,"simplyswords:iron_claymore":2,"minecraft:oak_log":20,"minecraft:gunpowder":1,"minecraft:dirt":17,"minecells:health_flask":2,"minecraft:cooked_mutton":10,"minecraft:bone":1,"travelersbackpack:backpack_tank":2,"minecraft:apple":3,"supplementaries:globe_sepia":1,"minecraft:bow":1,"minecells:kings_crest_flag":1,"minecells:prison_torch":1,"minecraft:cooked_chicken":1,"travelersbackpack:blank_upgrade":1,"twigs:twig":20,"croptopia:roe":4,"spellbladenext:frost_claymore":2,"simplyswords:diamond_sai":1,"minecraft:oak_planks":73,"minecraft:cooked_porkchop":33,"patchouli:guide_book":1,"minecells:monster_cell":24,"minecraft:gravel":109,"fishofthieves:pondie":2,"minecells:infected_flesh":12,"minecraft:sand":54,"winterly:cryomarble_shard":2,"minecells:metal_shards":1,"techreborn:sapphire_gem":6,"minecraft:dark_oak_log":125,"minecraft:dark_prismarine":4,"techreborn:peridot_gem":1,"minecraft:sugar":13,"minecells:explosive_bulb":6,"frostiful:wolf_fur_tuft":4,"fishofthieves:leeches":1,"minecraft:oak_sapling":6,"croptopia:cashew":6,"minecraft:bricks":1,"techreborn:raw_tin":2,"minecraft:diamond_pickaxe":1},"minecraft:used":{"spellbladenext:frost_claymore":701,"create:clipboard":2,"minecraft:iron_shovel":167,"minecraft:stone_sword":44,"minecraft:flint_and_steel":6,"minecraft:chest":16,"minecraft:shield":16,"minecraft:dirt":3,"simplyswords:diamond_sai":50,"travelersbackpack:iron":22,"minecraft:obsidian":4,"minecraft:dark_oak_planks":43,"minecraft:wooden_axe":30,"farmersdelight:fried_rice":10,"spellbladenext:fire_blade":1,"supplementaries:globe_sepia":1,"beachparty:rubber_ring_axolotl":1,"simplyswords:diamond_scythe":1,"minecraft:iron_axe":47,"minecells:kings_crest_flag":1,"simplyswords:diamond_cutlass":2,"minecells:blood_sword":1,"simplyswords:arcanethyst":58,"minecells:balanced_blade":1,"minecraft:dark_oak_boat":2,"mutantmonsters:hulk_hammer":1,"minecraft:furnace":5,"minecraft:egg":1,"minecraft:cooked_beef":7,"travelersbackpack:enderman":1,"minecraft:water_bucket":1,"minecraft:birch_planks":8,"minecraft:oak_planks":15,"minecraft:stone_pickaxe":53,"minecraft:wooden_pickaxe":7,"minecraft:birch_boat":2,"travelersbackpack:iron_golem":15,"minecraft:white_wool":3,"minecraft:golden_apple":4,"simplyswords:diamond_warglaive":1,"minecraft:crafting_table":11,"ad_astra:oil_bucket":1,"minecraft:diamond_pickaxe":55,"minecraft:apple":1,"spellbladenext:frost_blade":1,"minecraft:bread":12,"minecraft:gravel":3,"minecraft:stone_axe":16,"minecraft:fire_charge":2,"minecells:prison_torch":1,"minecraft:cobblestone":12,"archers:archer_armor_legs":1,"minecraft:cooked_porkchop":36,"twigs:opaline_seashell":1,"minecraft:bucket":4,"simplyswords:toxic_longsword":1,"minecraft:cobweb":12},"minecraft:crafted":{"minecraft:oak_planks":80,"travelersbackpack:iron":1,"minecraft:dark_oak_boat":2,"comforts:sleeping_bag_white":1,"minecraft:birch_boat":3,"mcda:emerald_gear_chestplate":1,"minecraft:furnace":2,"minecraft:stone":35,"minecraft:glass":30,"minecraft:diamond_helmet":1,"minecraft:iron_boots":1,"minecraft:iron_axe":1,"minecraft:stone_pickaxe":1,"minecraft:chest":17,"minecraft:dark_oak_planks":180,"travelersbackpack:diamond_tier_upgrade":1,"minecraft:cooked_beef":5,"supplementaries:globe_sepia":1,"travelersbackpack:iron_tier_upgrade":1,"minecraft:cooked_porkchop":12,"minecraft:crafting_table":8,"travelersbackpack:backpack_tank":2,"minecraft:wooden_pickaxe":1,"travelersbackpack:standard":1,"minecraft:bucket":1,"minecraft:birch_planks":48,"minecraft:stone_axe":1,"minecraft:air":0,"minecraft:iron_chestplate":1,"minecraft:diamond_pickaxe":1,"minecraft:golden_apple":2,"minecraft:stick":44,"minecraft:gold_ingot":18,"minecraft:wooden_axe":1,"minecraft:iron_shovel":1,"minecraft:iron_leggings":1,"indrev:steel_helmet":1,"minecraft:diamond_chestplate":1},"minecraft:killed":{"minecells:mutated_bat":3,"minecraft:spider":1,"minecells:undead_archer":4,"fishofthieves:pondie":2,"minecraft:skeleton":2,"minecraft:chicken":2,"mythicmobs:chupacabra":1,"minecraft:drowned":6,"minecells:leaping_zombie":31,"minecells:grenadier":6,"minecraft:pig":14,"graveyard:ghoul":2,"minecells:runner":5,"naturalist:bear":2,"mythicmobs:drake":1,"minecraft:sheep":6,"minecraft:zombie":14,"minecells:shieldbearer":3,"mutantmonsters:mutant_zombie":1,"minecraft:cow":5},"minecraft:killed_by":{"minecells:grenadier":1},"minecraft:dropped":{"minecraft:enchanted_book":1,"minecraft:brown_mushroom":5,"minecraft:birch_planks":7,"frostiful:wolf_fur_tuft":4,"croptopia:blackbean":1,"minecraft:dark_oak_sapling":8,"minecraft:cooked_porkchop":2,"spellbladenext:frost_claymore":2,"minecraft:prismarine_shard":2,"minecraft:feather":1,"simplyswords:diamond_warglaive":1,"travelersbackpack:iron_tier_upgrade":1,"simplyswords:iron_halberd":1,"minecraft:red_mushroom":20,"minecraft:dirt":6,"minecells:infected_flesh":7,"create:clipboard":2,"minecraft:dark_oak_log":80,"mythicmobs:chupacabra_raw_meat":1,"spellbladenext:frost_blade":2,"minecraft:wooden_axe":3,"travelersbackpack:blank_upgrade":1,"mythicupgrades:broken_topaz_disc":1,"travelersbackpack:enderman":1,"minecraft:iron_leggings":1,"minecells:metal_shards":1,"minecraft:gold_nugget":2,"indrev:steel_leggings":1,"minecraft:dark_oak_planks":4,"minecraft:string":4,"twigs:twig":6,"minecraft:bone":1,"minecraft:gravel":64,"minecraft:furnace":2,"simplyswords:runic_tablet":1,"mutantmonsters:hulk_hammer":1,"minecraft:iron_nugget":1,"simplyswords:iron_katana":1,"minecraft:stone_sword":1,"croptopia:cashew":6,"minecraft:bowl":13,"minecraft:birch_sapling":5,"simplyswords:dormant_relic":1,"fishofthieves:leeches":1,"simplyswords:diamond_sai":1,"botania:overgrowth_seed":1,"simplyswords:arcanethyst":1,"minecraft:rotten_flesh":12,"minecraft:oak_planks":4,"travelersbackpack:diamond_tier_upgrade":2,"travelersbackpack:iron":1,"minecraft:filled_map":1,"botania:lexicon":1,"minecraft:dune_armor_trim_smithing_template":2,"minecraft:diamond_pickaxe":1,"minecraft:oak_sapling":6,"croptopia:roe":4,"minecells:guts":2,"minecells:health_flask":5,"minecraft:bow":1,"indrev:module_color_red":1,"minecraft:arrow":2,"minecraft:wooden_pickaxe":1,"simplyswords:diamond_scythe":1,"botania:black_lotus":1,"minecraft:dark_prismarine":3,"archers:archer_armor_head":1,"simplyswords:iron_claymore":2}},"DataVersion":3465}