{"stats":{"minecraft:broken":{"minecraft:iron_boots":1},"minecraft:mined":{"minecraft:grass_block":4,"minecells:rotting_corpse":1,"minecells:arrow_sign":1,"minecraft:furnace":3,"minecraft:fire":4,"treechop:chopped_log":6,"minecells:prison_torch":1,"minecells:wilted_wall_leaves":1,"croptopia:cashew_crop":2,"minecraft:stone":45,"minecells:kings_crest_flag":1,"minecraft:crafting_table":3,"minecraft:chest":1,"minecraft:cobblestone":1,"minecraft:grindstone":1,"minecraft:oak_planks":2,"minecells:alchemy_equipment_2":1,"minecraft:birch_planks":1,"minecells:broken_cage":1,"minecraft:birch_leaves":1,"minecraft:dirt":5,"minecraft:oak_leaves":2},"minecraft:custom":{"lootr:looted_stat":70,"minecraft:mob_kills":69,"minecraft:interact_with_crafting_table":13,"minecraft:damage_dealt_resisted":0,"minecraft:leave_game":1,"minecraft:time_since_death":55207,"minecraft:climb_one_cm":916,"minecraft:damage_resisted":0,"minecraft:sprint_one_cm":398263,"minecraft:walk_one_cm":325977,"minecraft:damage_blocked_by_shield":1031,"minecraft:drop":54,"minecraft:play_time":96137,"minecraft:deaths":1,"minecraft:walk_under_water_one_cm":3637,"minecraft:sneak_time":1609,"minecraft:boat_one_cm":47204,"minecraft:jump":805,"minecraft:walk_on_water_one_cm":4610,"minecraft:total_world_time":96137,"minecraft:interact_with_furnace":20,"minecraft:interact_with_grindstone":1,"minecraft:hex":3,"minecraft:time_since_rest":55252,"minecraft:damage_taken":3601,"minecraft:damage_absorbed":40,"minecraft:damage_dealt":10069,"minecraft:swim_one_cm":20433,"minecraft:fly_one_cm":134350,"minecraft:open_chest":28,"minecraft:crouch_one_cm":3449,"minecraft:threat":6,"minecraft:fall_one_cm":15792},"minecraft:picked_up":{"minecraft:wooden_axe":2,"minecraft:crafting_table":3,"minecraft:chicken":1,"minecraft:brown_mushroom":5,"minecraft:shield":1,"minecraft:string":2,"simplyswords:runic_tablet":1,"minecraft:beef":5,"minecraft:chest":1,"minecraft:birch_sapling":5,"minecraft:egg":1,"minecraft:furnace":3,"minecells:guts":12,"croptopia:blackbean":1,"minecraft:bowl":2,"minecells:monsters_eye":1,"simplyswords:arcanethyst":1,"minecraft:porkchop":16,"minecraft:arrow":11,"minecraft:rotten_flesh":20,"create:clipboard":2,"minecraft:cobblestone":49,"minecraft:birch_log":12,"minecraft:feather":1,"minecraft:leather":2,"minecraft:red_mushroom":20,"minecraft:birch_planks":31,"simplyswords:iron_claymore":2,"minecraft:oak_log":20,"minecraft:gunpowder":1,"minecraft:dirt":7,"minecraft:apple":1,"minecells:kings_crest_flag":1,"minecells:prison_torch":1,"twigs:twig":14,"spellbladenext:frost_claymore":1,"minecraft:oak_planks":65,"minecraft:cooked_porkchop":9,"patchouli:guide_book":1,"minecells:monster_cell":24,"fishofthieves:pondie":2,"minecells:infected_flesh":12,"minecells:metal_shards":1,"minecells:explosive_bulb":6,"frostiful:wolf_fur_tuft":4,"minecraft:oak_sapling":6,"croptopia:cashew":6},"minecraft:used":{"spellbladenext:frost_claymore":489,"create:clipboard":2,"minecraft:stone_sword":44,"minecraft:flint_and_steel":4,"minecraft:chest":6,"minecraft:shield":16,"minecraft:dirt":2,"simplyswords:diamond_sai":47,"minecraft:wooden_axe":30,"farmersdelight:fried_rice":5,"simplyswords:diamond_scythe":1,"minecells:kings_crest_flag":1,"minecells:blood_sword":1,"simplyswords:arcanethyst":3,"minecells:balanced_blade":1,"minecraft:furnace":4,"minecraft:egg":1,"minecraft:cooked_beef":5,"minecraft:birch_planks":8,"minecraft:stone_pickaxe":53,"minecraft:oak_planks":15,"minecraft:wooden_pickaxe":7,"minecraft:birch_boat":2,"minecraft:golden_apple":1,"minecraft:crafting_table":6,"minecraft:apple":1,"minecraft:bread":10,"minecraft:stone_axe":16,"minecells:prison_torch":1,"minecraft:cooked_porkchop":14,"simplyswords:toxic_longsword":1,"minecraft:cobweb":8},"minecraft:crafted":{"minecraft:oak_planks":80,"minecraft:birch_boat":3,"minecraft:furnace":2,"minecraft:iron_boots":1,"minecraft:stone_pickaxe":1,"minecraft:chest":5,"minecraft:cooked_beef":5,"minecraft:cooked_porkchop":12,"minecraft:crafting_table":4,"minecraft:wooden_pickaxe":1,"minecraft:birch_planks":48,"minecraft:stone_axe":1,"minecraft:air":0,"minecraft:stick":32,"minecraft:wooden_axe":1,"minecraft:iron_leggings":1,"indrev:steel_helmet":1,"minecraft:diamond_chestplate":1},"minecraft:killed":{"minecells:mutated_bat":3,"minecraft:spider":1,"minecells:undead_archer":4,"fishofthieves:pondie":2,"minecraft:chicken":1,"minecells:leaping_zombie":31,"minecells:grenadier":6,"minecraft:pig":7,"graveyard:ghoul":1,"minecells:runner":5,"minecraft:zombie":2,"minecells:shieldbearer":3,"minecraft:cow":2},"minecraft:killed_by":{"minecells:grenadier":1},"minecraft:dropped":{"minecraft:brown_mushroom":5,"minecraft:birch_planks":7,"frostiful:wolf_fur_tuft":4,"spellbladenext:frost_claymore":1,"minecraft:feather":1,"minecraft:red_mushroom":20,"minecraft:dirt":5,"create:clipboard":2,"minecells:infected_flesh":6,"minecraft:wooden_axe":3,"minecraft:gold_nugget":2,"minecells:metal_shards":1,"minecraft:string":2,"minecraft:furnace":1,"simplyswords:runic_tablet":1,"minecraft:iron_nugget":1,"croptopia:cashew":6,"simplyswords:iron_katana":1,"minecraft:stone_sword":1,"minecraft:bowl":3,"minecraft:birch_sapling":5,"minecraft:rotten_flesh":9,"simplyswords:arcanethyst":1,"minecraft:oak_sapling":6,"minecells:guts":2,"minecraft:arrow":1,"minecraft:wooden_pickaxe":1,"simplyswords:diamond_scythe":1,"simplyswords:iron_claymore":2}},"DataVersion":3465}