{"stats":{"minecraft:mined":{"minecells:kings_crest_flag":1,"minecraft:crafting_table":3,"minecraft:grass_block":4,"minecells:rotting_corpse":1,"minecraft:chest":1,"minecraft:cobblestone":1,"minecraft:grindstone":1,"minecraft:oak_planks":2,"minecells:alchemy_equipment_2":1,"minecells:arrow_sign":1,"minecraft:birch_planks":1,"minecells:broken_cage":1,"minecraft:furnace":3,"minecraft:fire":4,"minecraft:birch_leaves":1,"treechop:chopped_log":6,"minecells:prison_torch":1,"minecells:wilted_wall_leaves":1,"minecraft:dirt":5,"croptopia:cashew_crop":2,"minecraft:stone":45,"minecraft:oak_leaves":2},"minecraft:custom":{"lootr:looted_stat":62,"minecraft:interact_with_furnace":20,"minecraft:mob_kills":55,"minecraft:interact_with_crafting_table":12,"minecraft:damage_dealt_resisted":0,"minecraft:interact_with_grindstone":1,"minecraft:leave_game":1,"minecraft:time_since_death":43207,"minecraft:climb_one_cm":696,"minecraft:damage_resisted":0,"minecraft:hex":0,"minecraft:time_since_rest":43252,"minecraft:sprint_one_cm":346488,"minecraft:damage_absorbed":40,"minecraft:damage_taken":3001,"minecraft:walk_one_cm":272647,"minecraft:damage_blocked_by_shield":1031,"minecraft:drop":47,"minecraft:damage_dealt":7587,"minecraft:swim_one_cm":20433,"minecraft:fly_one_cm":97723,"minecraft:open_chest":23,"minecraft:crouch_one_cm":3276,"minecraft:play_time":84137,"minecraft:deaths":1,"minecraft:sneak_time":1574,"minecraft:walk_under_water_one_cm":3637,"minecraft:boat_one_cm":47204,"minecraft:jump":613,"minecraft:walk_on_water_one_cm":3943,"minecraft:threat":18,"minecraft:total_world_time":84137,"minecraft:fall_one_cm":14327},"minecraft:picked_up":{"minecraft:wooden_axe":2,"minecraft:birch_log":12,"minecraft:crafting_table":3,"minecraft:feather":1,"minecraft:chicken":1,"minecraft:leather":2,"minecraft:brown_mushroom":5,"minecraft:red_mushroom":20,"minecraft:birch_planks":31,"minecraft:oak_log":20,"minecraft:shield":1,"minecraft:gunpowder":1,"minecraft:dirt":7,"minecraft:string":2,"minecraft:apple":1,"simplyswords:runic_tablet":1,"minecells:kings_crest_flag":1,"minecells:prison_torch":1,"minecraft:beef":5,"spellbladenext:frost_claymore":1,"minecraft:chest":1,"twigs:twig":14,"minecraft:birch_sapling":5,"minecraft:oak_planks":65,"minecraft:furnace":3,"minecraft:egg":1,"minecells:guts":8,"minecraft:cooked_porkchop":2,"patchouli:guide_book":1,"minecells:monster_cell":18,"minecraft:bowl":2,"fishofthieves:pondie":2,"minecells:infected_flesh":7,"minecraft:porkchop":16,"minecells:metal_shards":1,"minecraft:arrow":11,"create:clipboard":2,"minecraft:rotten_flesh":17,"minecells:explosive_bulb":4,"frostiful:wolf_fur_tuft":4,"minecraft:oak_sapling":6,"croptopia:cashew":6,"minecraft:cobblestone":49},"minecraft:used":{"spellbladenext:frost_claymore":357,"create:clipboard":2,"minecraft:stone_sword":44,"minecraft:flint_and_steel":4,"minecraft:birch_planks":8,"minecraft:stone_pickaxe":53,"minecraft:oak_planks":15,"minecraft:chest":6,"minecraft:birch_boat":2,"minecraft:shield":16,"minecraft:wooden_pickaxe":7,"minecraft:golden_apple":1,"minecraft:dirt":2,"minecraft:crafting_table":6,"simplyswords:diamond_sai":27,"farmersdelight:fried_rice":3,"minecraft:wooden_axe":30,"minecraft:apple":1,"minecraft:bread":10,"minecells:kings_crest_flag":1,"minecells:blood_sword":1,"minecells:balanced_blade":1,"minecraft:stone_axe":16,"minecells:prison_torch":1,"minecraft:cooked_porkchop":9,"minecraft:furnace":4,"minecraft:egg":1,"minecraft:cooked_beef":5,"minecraft:cobweb":8},"minecraft:crafted":{"minecraft:cooked_beef":5,"minecraft:oak_planks":80,"minecraft:cooked_porkchop":12,"minecraft:crafting_table":4,"minecraft:wooden_pickaxe":1,"minecraft:birch_boat":3,"minecraft:furnace":2,"minecraft:birch_planks":48,"minecraft:stone_axe":1,"minecraft:air":0,"minecraft:iron_boots":1,"minecraft:stick":32,"minecraft:stone_pickaxe":1,"minecraft:wooden_axe":1,"minecraft:iron_leggings":1,"minecraft:chest":5,"indrev:steel_helmet":1,"minecraft:diamond_chestplate":1},"minecraft:killed":{"minecells:mutated_bat":1,"minecraft:pig":7,"minecells:runner":3,"minecells:undead_archer":4,"minecraft:spider":1,"fishofthieves:pondie":2,"minecraft:zombie":2,"minecraft:chicken":1,"minecells:shieldbearer":3,"minecells:leaping_zombie":23,"minecells:grenadier":5,"minecraft:cow":2},"minecraft:killed_by":{"minecells:grenadier":1},"minecraft:dropped":{"minecraft:furnace":1,"simplyswords:runic_tablet":1,"minecraft:birch_planks":7,"minecraft:brown_mushroom":5,"minecraft:iron_nugget":1,"simplyswords:iron_katana":1,"minecraft:stone_sword":1,"frostiful:wolf_fur_tuft":4,"croptopia:cashew":6,"minecraft:bowl":3,"minecraft:birch_sapling":5,"spellbladenext:frost_claymore":1,"minecraft:feather":1,"minecraft:rotten_flesh":9,"minecraft:red_mushroom":20,"minecells:infected_flesh":3,"minecraft:dirt":5,"create:clipboard":2,"minecraft:wooden_axe":3,"minecraft:oak_sapling":6,"minecells:guts":2,"minecraft:gold_nugget":2,"minecraft:arrow":1,"minecraft:wooden_pickaxe":1,"minecraft:string":2}},"DataVersion":3465}