{"stats":{"minecraft:mined":{"treechop:chopped_log":5,"minecraft:grass_block":1,"minecraft:stone":7,"minecraft:oak_leaves":2},"minecraft:custom":{"minecraft:time_since_rest":12137,"minecraft:sprint_one_cm":44319,"minecraft:damage_taken":85,"minecraft:walk_one_cm":30446,"minecraft:damage_blocked_by_shield":275,"minecraft:mob_kills":10,"minecraft:drop":6,"minecraft:damage_dealt":1047,"minecraft:interact_with_crafting_table":3,"minecraft:fly_one_cm":16609,"minecraft:crouch_one_cm":346,"minecraft:play_time":12137,"minecraft:sneak_time":119,"minecraft:jump":141,"minecraft:leave_game":1,"minecraft:time_since_death":12137,"minecraft:total_world_time":12137,"minecraft:hex":0,"minecraft:fall_one_cm":4477},"minecraft:picked_up":{"minecraft:wooden_axe":2,"minecraft:birch_log":5,"minecraft:feather":1,"minecraft:chicken":1,"minecraft:leather":2,"minecraft:porkchop":14,"minecraft:oak_log":20,"minecraft:apple":1,"minecraft:beef":5,"frostiful:wolf_fur_tuft":4,"minecraft:oak_sapling":6,"twigs:twig":14,"minecraft:birch_sapling":2,"minecraft:cobblestone":7},"minecraft:used":{"minecraft:wooden_axe":30,"minecraft:stone_sword":21,"minecraft:apple":1,"minecraft:oak_planks":1,"minecraft:wooden_pickaxe":7,"minecraft:shield":5,"minecraft:crafting_table":2},"minecraft:crafted":{"minecraft:oak_planks":80,"minecraft:crafting_table":2,"minecraft:stick":8,"minecraft:wooden_pickaxe":1,"minecraft:wooden_axe":1},"minecraft:killed":{"minecraft:pig":7,"minecraft:chicken":1,"minecraft:cow":2},"minecraft:dropped":{"minecraft:wooden_axe":2,"minecraft:birch_sapling":2,"minecraft:oak_sapling":6}},"DataVersion":3465}